sensor,recorded_at,temperature_c,humidity_pct,status
DHT22-Lab,2025-09-09T13:10:10,22.85,55.74,Normal
DHT22-Lab,2025-09-09T13:11:10,20.61,57.61,Normal
DHT22-Lab,2025-09-09T13:12:10,25.11,44.05,Normal
DHT22-Lab,2025-09-09T13:13:10,22.41,56.83,Normal
DHT22-Lab,2025-09-09T13:14:10,25.35,49.09,Normal
DHT22-Lab,2025-09-09T13:15:10,23.6,43.02,Normal
DHT22-Lab,2025-09-09T13:16:10,24.11,54.13,Normal
DHT22-Lab,2025-09-09T13:17:10,26.31,56.29,Normal
DHT22-Lab,2025-09-09T13:18:10,21.27,49.47,Normal
DHT22-Lab,2025-09-09T13:19:10,21.0,52.93,Normal
DHT22-Lab,2025-09-09T13:20:10,26.29,47.21,Normal
DHT22-Lab,2025-09-09T13:21:10,23.05,45.03,Normal
DHT22-Lab,2025-09-09T13:22:10,23.09,45.63,Normal
DHT22-Lab,2025-09-09T13:23:10,22.84,55.32,Normal
DHT22-Lab,2025-09-09T13:24:10,22.03,55.32,Normal
DHT22-Lab,2025-09-09T13:25:10,22.52,46.61,Normal
DHT22-Lab,2025-09-09T13:26:10,20.91,45.2,Normal
DHT22-Lab,2025-09-09T13:27:10,25.12,52.64,Normal
DHT22-Lab,2025-09-09T13:28:10,25.07,49.34,Normal
DHT22-Lab,2025-09-09T13:29:10,20.91,43.83,Normal
DHT22-Lab,2025-09-09T13:30:10,23.06,51.04,Normal
DHT22-Lab,2025-09-09T13:31:10,24.13,50.86,Normal
DHT22-Lab,2025-09-09T13:32:10,21.98,42.49,Normal
DHT22-Lab,2025-09-09T13:33:10,21.39,48.54,Normal
DHT22-Lab,2025-09-09T13:34:10,21.52,42.93,Normal
DHT22-Lab,2025-09-09T13:35:10,21.91,52.59,Normal
DHT22-Lab,2025-09-09T13:36:10,25.1,52.63,Normal
DHT22-Lab,2025-09-09T13:37:10,25.29,44.67,Normal
DHT22-Lab,2025-09-09T13:38:10,20.59,53.56,Normal
DHT22-Lab,2025-09-09T13:39:10,21.05,50.02,Normal
DHT22-Lab,2025-09-09T13:40:10,24.53,49.14,Normal
DHT22-Lab,2025-09-09T13:41:10,21.96,52.08,Normal
DHT22-Lab,2025-09-09T13:42:10,20.57,43.89,Normal
DHT22-Lab,2025-09-09T13:43:10,17.33,69.71,Alerta
DHT22-Lab,2025-09-09T13:44:10,24.66,49.19,Normal
DHT22-Lab,2025-09-09T13:45:10,20.63,56.44,Normal
DHT22-Lab,2025-09-09T13:46:10,21.32,46.9,Normal
DHT22-Lab,2025-09-09T13:47:10,21.15,55.71,Normal
DHT22-Lab,2025-09-09T13:48:10,24.68,48.91,Normal
DHT22-Lab,2025-09-09T13:49:10,23.8,52.4,Normal
DHT22-Lab,2025-09-09T13:50:10,22.7,42.67,Normal
DHT22-Lab,2025-09-09T13:51:10,22.14,44.31,Normal
DHT22-Lab,2025-09-09T13:52:10,23.82,44.73,Normal
DHT22-Lab,2025-09-09T13:53:10,28.11,60.72,Alerta
DHT22-Lab,2025-09-09T13:54:10,29.37,65.12,Alerta
DHT22-Lab,2025-09-09T13:55:10,26.1,51.15,Normal
DHT22-Lab,2025-09-09T13:56:10,21.74,47.31,Normal
DHT22-Lab,2025-09-09T13:57:10,22.85,42.35,Normal
DHT22-Lab,2025-09-09T13:58:10,25.83,44.24,Normal
DHT22-Lab,2025-09-09T13:59:10,20.71,52.76,Normal
DHT22-Lab,2025-09-09T14:00:10,24.29,53.63,Normal
DHT22-Lab,2025-09-09T14:01:10,20.7,56.66,Normal
DHT22-Lab,2025-09-09T14:02:10,20.24,50.88,Normal
DHT22-Lab,2025-09-09T14:03:10,25.39,54.93,Normal
DHT22-Lab,2025-09-09T14:04:10,26.19,46.65,Normal
DHT22-Lab,2025-09-09T14:05:10,21.66,56.98,Normal
DHT22-Lab,2025-09-09T14:06:10,20.29,48.96,Normal
DHT22-Lab,2025-09-09T14:07:10,17.42,38.85,Alerta
DHT22-Lab,2025-09-09T14:08:10,22.05,54.35,Normal
DHT22-Lab,2025-09-09T14:09:10,22.43,43.51,Normal
DHT22-Lab,2025-09-09T14:10:10,21.71,56.99,Normal
DHT22-Lab,2025-09-09T14:11:10,20.8,55.3,Normal
DHT22-Lab,2025-09-09T14:12:10,21.17,51.59,Normal
DHT22-Lab,2025-09-09T14:13:10,21.28,46.97,Normal
DHT22-Lab,2025-09-09T14:14:10,26.32,50.01,Normal
DHT22-Lab,2025-09-09T14:15:10,20.09,45.67,Normal
DHT22-Lab,2025-09-09T14:16:10,24.4,43.95,Normal
DHT22-Lab,2025-09-09T14:17:10,24.51,51.3,Normal
DHT22-Lab,2025-09-09T14:18:10,25.23,53.45,Normal
DHT22-Lab,2025-09-09T14:19:10,20.85,43.98,Normal
DHT22-Lab,2025-09-09T14:20:10,27.97,66.8,Alerta
DHT22-Lab,2025-09-09T14:21:10,29.78,65.77,Alerta
DHT22-Lab,2025-09-09T14:22:10,20.69,44.25,Normal
DHT22-Lab,2025-09-09T14:23:10,26.28,51.54,Normal
DHT22-Lab,2025-09-09T14:24:10,16.89,60.67,Alerta
DHT22-Lab,2025-09-09T14:25:10,25.39,54.75,Normal
DHT22-Lab,2025-09-09T14:26:10,23.45,51.7,Normal
DHT22-Lab,2025-09-09T14:27:10,23.92,48.6,Normal
DHT22-Lab,2025-09-09T14:28:10,22.77,52.43,Normal
DHT22-Lab,2025-09-09T14:29:10,22.95,45.97,Normal
DHT22-Lab,2025-09-09T14:30:10,24.85,55.07,Normal
DHT22-Lab,2025-09-09T14:31:10,20.43,51.51,Normal
DHT22-Lab,2025-09-09T14:32:10,25.36,46.97,Normal
DHT22-Lab,2025-09-09T14:33:10,25.99,44.65,Normal
DHT22-Lab,2025-09-09T14:34:10,21.0,43.85,Normal
DHT22-Lab,2025-09-09T14:35:10,20.36,44.79,Normal
DHT22-Lab,2025-09-09T14:36:10,23.84,52.89,Normal
DHT22-Lab,2025-09-09T14:37:10,22.07,50.07,Normal
DHT22-Lab,2025-09-09T14:38:10,25.53,42.7,Normal
DHT22-Lab,2025-09-09T14:39:10,21.54,45.99,Normal
DHT22-Lab,2025-09-09T14:40:10,22.71,42.79,Normal
DHT22-Lab,2025-09-09T14:41:10,23.4,43.63,Normal
DHT22-Lab,2025-09-09T14:42:10,20.34,56.8,Normal
DHT22-Lab,2025-09-09T14:43:10,25.48,56.44,Normal
DHT22-Lab,2025-09-09T14:44:10,17.48,67.9,Alerta
DHT22-Lab,2025-09-09T14:45:10,23.48,50.23,Normal
DHT22-Lab,2025-09-09T14:46:10,23.01,48.16,Normal
DHT22-Lab,2025-09-09T14:47:10,21.73,44.24,Normal
DHT22-Lab,2025-09-09T14:48:10,22.71,45.72,Normal
DHT22-Lab,2025-09-09T14:49:10,22.38,47.24,Normal
DHT22-Lab,2025-09-09T14:50:10,24.46,46.75,Normal
DHT22-Lab,2025-09-09T14:51:10,16.91,65.59,Alerta
DHT22-Lab,2025-09-09T14:52:10,24.24,54.87,Normal
DHT22-Lab,2025-09-09T14:53:10,24.11,46.61,Normal
DHT22-Lab,2025-09-09T14:54:10,21.32,53.12,Normal
DHT22-Lab,2025-09-09T14:55:10,20.86,51.83,Normal
DHT22-Lab,2025-09-09T14:56:10,24.72,43.35,Normal
DHT22-Lab,2025-09-09T14:57:10,29.88,66.14,Alerta
DHT22-Lab,2025-09-09T14:58:10,25.17,57.14,Normal
DHT22-Lab,2025-09-09T14:59:10,23.84,43.52,Normal
DHT22-Lab,2025-09-09T15:00:10,21.11,51.04,Normal
DHT22-Lab,2025-09-09T15:01:10,23.03,50.36,Normal
DHT22-Lab,2025-09-09T15:02:10,25.2,49.87,Normal
DHT22-Lab,2025-09-09T15:03:10,26.05,43.92,Normal
DHT22-Lab,2025-09-09T15:04:10,20.57,52.53,Normal
DHT22-Lab,2025-09-09T15:05:10,25.03,52.74,Normal
DHT22-Lab,2025-09-09T15:06:10,25.84,54.2,Normal
DHT22-Lab,2025-09-09T15:07:10,22.37,47.03,Normal
DHT22-Lab,2025-09-09T15:08:10,20.96,56.98,Normal
DHT22-Lab,2025-09-09T15:09:10,22.49,53.67,Normal
DHT22-Lab,2025-09-09T15:10:10,26.08,54.48,Normal
DHT22-Lab,2025-09-09T15:11:10,22.45,57.79,Normal
DHT22-Lab,2025-09-09T15:12:10,26.18,43.9,Normal
DHT22-Lab,2025-09-09T15:13:10,24.14,43.95,Normal
DHT22-Lab,2025-09-09T15:14:10,24.46,42.2,Normal
DHT22-Lab,2025-09-09T15:15:10,25.37,46.73,Normal
DHT22-Lab,2025-09-09T15:16:10,22.88,46.83,Normal
DHT22-Lab,2025-09-09T15:17:10,27.42,38.7,Alerta
DHT22-Lab,2025-09-09T15:18:10,25.44,43.7,Normal
DHT22-Lab,2025-09-09T15:19:10,28.99,69.02,Alerta
DHT22-Lab,2025-09-09T15:20:10,21.57,44.29,Normal
DHT22-Lab,2025-09-09T15:21:10,21.29,56.57,Normal
DHT22-Lab,2025-09-09T15:22:10,20.24,42.09,Normal
DHT22-Lab,2025-09-09T15:23:10,23.94,54.82,Normal
DHT22-Lab,2025-09-09T15:24:10,25.52,42.92,Normal
DHT22-Lab,2025-09-09T15:25:10,26.03,54.35,Normal
DHT22-Lab,2025-09-09T15:26:10,25.45,42.64,Normal
DHT22-Lab,2025-09-09T15:27:10,20.81,50.07,Normal
DHT22-Lab,2025-09-09T15:28:10,24.1,55.62,Normal
DHT22-Lab,2025-09-09T15:29:10,24.78,45.09,Normal
DHT22-Lab,2025-09-09T15:30:10,24.61,57.68,Normal
DHT22-Lab,2025-09-09T15:31:10,20.35,51.86,Normal
DHT22-Lab,2025-09-09T15:32:10,25.75,53.35,Normal
DHT22-Lab,2025-09-09T15:33:10,20.6,44.94,Normal
DHT22-Lab,2025-09-09T15:34:10,29.37,65.94,Alerta
DHT22-Lab,2025-09-09T15:35:10,26.15,46.82,Normal
DHT22-Lab,2025-09-09T15:36:10,24.55,52.39,Normal
DHT22-Lab,2025-09-09T15:37:10,28.57,65.0,Alerta
DHT22-Lab,2025-09-09T15:38:10,20.87,46.45,Normal
DHT22-Lab,2025-09-09T15:39:10,22.78,51.78,Normal
DHT22-Lab,2025-09-09T15:40:10,22.68,48.54,Normal
DHT22-Lab,2025-09-09T15:41:10,23.82,47.07,Normal
DHT22-Lab,2025-09-09T15:42:10,22.72,49.59,Normal
DHT22-Lab,2025-09-09T15:43:10,23.72,51.05,Normal
DHT22-Lab,2025-09-09T15:44:10,24.21,52.44,Normal
DHT22-Lab,2025-09-09T15:45:10,25.12,50.79,Normal
DHT22-Lab,2025-09-09T15:46:10,24.07,47.77,Normal
DHT22-Lab,2025-09-09T15:47:10,24.79,56.18,Normal
DHT22-Lab,2025-09-09T15:48:10,28.61,63.49,Alerta
DHT22-Lab,2025-09-09T15:49:10,23.21,43.85,Normal
DHT22-Lab,2025-09-09T15:50:10,25.47,42.89,Normal
DHT22-Lab,2025-09-09T15:51:10,22.17,44.77,Normal
DHT22-Lab,2025-09-09T15:52:10,24.83,42.23,Normal
DHT22-Lab,2025-09-09T15:53:10,25.57,47.96,Normal
DHT22-Lab,2025-09-09T15:54:10,23.91,43.91,Normal
DHT22-Lab,2025-09-09T15:55:10,26.23,57.93,Normal
DHT22-Lab,2025-09-09T15:56:10,22.02,53.0,Normal
DHT22-Lab,2025-09-09T15:57:10,22.52,52.25,Normal
DHT22-Lab,2025-09-09T15:58:10,21.36,50.4,Normal
DHT22-Lab,2025-09-09T15:59:10,21.08,55.38,Normal
DHT22-Lab,2025-09-09T16:00:10,29.53,31.4,Alerta
DHT22-Lab,2025-09-09T16:01:10,22.55,43.28,Normal
DHT22-Lab,2025-09-09T16:02:10,22.82,49.51,Normal
DHT22-Lab,2025-09-09T16:03:10,21.18,56.51,Normal
DHT22-Lab,2025-09-09T16:04:10,21.51,46.67,Normal
DHT22-Lab,2025-09-09T16:05:10,23.81,49.89,Normal
DHT22-Lab,2025-09-09T16:06:10,21.58,55.5,Normal
DHT22-Lab,2025-09-09T16:07:10,24.22,52.72,Normal
DHT22-Lab,2025-09-09T16:08:10,20.38,47.87,Normal
DHT22-Lab,2025-09-09T16:09:10,22.2,55.51,Normal
DHT22-Lab,2025-09-09T16:10:10,25.0,55.63,Normal
DHT22-Lab,2025-09-09T16:11:10,25.91,51.39,Normal
DHT22-Lab,2025-09-09T16:12:10,22.21,49.98,Normal
DHT22-Lab,2025-09-09T16:13:10,20.68,48.38,Normal
DHT22-Lab,2025-09-09T16:14:10,27.61,62.32,Alerta
DHT22-Lab,2025-09-09T16:15:10,26.03,49.17,Normal
DHT22-Lab,2025-09-09T16:16:10,23.89,42.12,Normal
DHT22-Lab,2025-09-09T16:17:10,24.57,52.14,Normal
DHT22-Lab,2025-09-09T16:18:10,28.48,69.08,Alerta
DHT22-Lab,2025-09-09T16:19:10,26.26,54.51,Normal
DHT22-Lab,2025-09-09T16:20:10,20.74,53.72,Normal
DHT22-Lab,2025-09-09T16:21:10,23.6,52.47,Normal
DHT22-Lab,2025-09-09T16:22:10,16.55,67.62,Alerta
DHT22-Lab,2025-09-09T16:23:10,20.81,42.66,Normal
DHT22-Lab,2025-09-09T16:24:10,23.18,57.77,Normal
DHT22-Lab,2025-09-09T16:25:10,26.36,48.59,Normal
DHT22-Lab,2025-09-09T16:26:10,20.55,50.89,Normal
DHT22-Lab,2025-09-09T16:27:10,26.01,55.16,Normal
DHT22-Lab,2025-09-09T16:28:10,22.42,42.78,Normal
DHT22-Lab,2025-09-09T16:29:10,24.39,53.41,Normal
DHT22-Lab,2025-09-09T16:30:10,25.63,53.83,Normal
DHT22-Lab,2025-09-09T16:31:10,20.32,45.75,Normal
DHT22-Lab,2025-09-09T16:32:10,25.58,42.07,Normal
DHT22-Lab,2025-09-09T16:33:10,24.4,42.47,Normal
DHT22-Lab,2025-09-09T16:34:10,25.82,52.75,Normal
DHT22-Lab,2025-09-09T16:35:10,25.54,47.57,Normal
DHT22-Lab,2025-09-09T16:36:10,21.94,51.45,Normal
DHT22-Lab,2025-09-09T16:37:10,21.79,56.18,Normal
DHT22-Lab,2025-09-09T16:38:10,20.55,47.47,Normal
DHT22-Lab,2025-09-09T16:39:10,25.25,57.98,Normal
DHT22-Lab,2025-09-09T16:40:10,22.65,44.19,Normal
DHT22-Lab,2025-09-09T16:41:10,26.48,53.21,Normal
DHT22-Lab,2025-09-09T16:42:10,22.55,56.64,Normal
DHT22-Lab,2025-09-09T16:43:10,20.87,47.85,Normal
DHT22-Lab,2025-09-09T16:44:10,21.31,42.28,Normal
DHT22-Lab,2025-09-09T16:45:10,24.12,47.49,Normal
DHT22-Lab,2025-09-09T16:46:10,26.23,54.03,Normal
DHT22-Lab,2025-09-09T16:47:10,21.85,56.35,Normal
DHT22-Lab,2025-09-09T16:48:10,22.11,56.55,Normal
DHT22-Lab,2025-09-09T16:49:10,24.83,51.45,Normal
DHT22-Lab,2025-09-09T16:50:10,21.95,45.86,Normal
DHT22-Lab,2025-09-09T16:51:10,21.01,55.99,Normal
DHT22-Lab,2025-09-09T16:52:10,23.65,54.67,Normal
DHT22-Lab,2025-09-09T16:53:10,22.85,49.62,Normal
DHT22-Lab,2025-09-09T16:54:10,29.46,37.8,Alerta
DHT22-Lab,2025-09-09T16:55:10,23.65,43.63,Normal
DHT22-Lab,2025-09-09T16:56:10,26.21,50.2,Normal
DHT22-Lab,2025-09-09T16:57:10,20.23,57.36,Normal
DHT22-Lab,2025-09-09T16:58:10,20.27,45.94,Normal
DHT22-Lab,2025-09-09T16:59:10,22.96,50.26,Normal
DHT22-Lab,2025-09-09T17:00:10,20.33,43.79,Normal
DHT22-Lab,2025-09-09T17:01:10,20.39,53.17,Normal
DHT22-Lab,2025-09-09T17:02:10,21.96,48.31,Normal
DHT22-Lab,2025-09-09T17:03:10,20.01,43.79,Normal
DHT22-Lab,2025-09-09T17:04:10,20.01,50.13,Normal
DHT22-Lab,2025-09-09T17:05:10,22.17,48.9,Normal
DHT22-Lab,2025-09-09T17:06:10,25.47,46.17,Normal
DHT22-Lab,2025-09-09T17:07:10,21.58,49.68,Normal
DHT22-Lab,2025-09-09T17:08:10,21.48,47.29,Normal
DHT22-Lab,2025-09-09T17:09:10,28.44,61.93,Alerta
DHT22-Lab,2025-09-09T17:10:10,20.9,56.7,Normal
DHT22-Lab,2025-09-09T17:11:10,21.22,42.5,Normal
DHT22-Lab,2025-09-09T17:12:10,24.03,45.87,Normal
DHT22-Lab,2025-09-09T17:13:10,23.84,55.59,Normal
DHT22-Lab,2025-09-09T17:14:10,25.55,51.91,Normal
DHT22-Lab,2025-09-09T17:15:10,25.02,55.69,Normal
DHT22-Lab,2025-09-09T17:16:10,25.97,49.27,Normal
DHT22-Lab,2025-09-09T17:17:10,26.4,47.78,Normal
DHT22-Lab,2025-09-09T17:18:10,22.07,54.79,Normal
DHT22-Lab,2025-09-09T17:19:10,21.41,48.62,Normal
DHT22-Lab,2025-09-09T17:20:10,20.51,42.48,Normal
DHT22-Lab,2025-09-09T17:21:10,20.12,44.65,Normal
DHT22-Lab,2025-09-09T17:22:10,24.6,53.82,Normal
DHT22-Lab,2025-09-09T17:23:10,25.79,51.5,Normal
DHT22-Lab,2025-09-09T17:24:10,20.93,53.09,Normal
DHT22-Lab,2025-09-09T17:25:10,23.3,57.87,Normal
DHT22-Lab,2025-09-09T17:26:10,20.11,57.89,Normal
DHT22-Lab,2025-09-09T17:27:10,20.82,56.36,Normal
DHT22-Lab,2025-09-09T17:28:10,23.49,51.95,Normal
DHT22-Lab,2025-09-09T17:29:10,20.33,51.51,Normal
DHT22-Lab,2025-09-09T17:30:10,24.31,55.38,Normal
DHT22-Lab,2025-09-09T17:31:10,23.87,45.7,Normal
DHT22-Lab,2025-09-09T17:32:10,21.65,51.77,Normal
DHT22-Lab,2025-09-09T17:33:10,22.58,52.84,Normal
DHT22-Lab,2025-09-09T17:34:10,23.69,54.13,Normal
DHT22-Lab,2025-09-09T17:35:10,28.59,68.06,Alerta
DHT22-Lab,2025-09-09T17:36:10,22.65,43.51,Normal
DHT22-Lab,2025-09-09T17:37:10,22.57,52.92,Normal
DHT22-Lab,2025-09-09T17:38:10,26.25,44.86,Normal
DHT22-Lab,2025-09-09T17:39:10,25.58,56.6,Normal
DHT22-Lab,2025-09-09T17:40:10,23.05,53.74,Normal
DHT22-Lab,2025-09-09T17:41:10,22.46,50.27,Normal
DHT22-Lab,2025-09-09T17:42:10,24.75,54.53,Normal
DHT22-Lab,2025-09-09T17:43:10,20.68,56.46,Normal
DHT22-Lab,2025-09-09T17:44:10,25.19,43.6,Normal
DHT22-Lab,2025-09-09T17:45:10,24.83,42.37,Normal
DHT22-Lab,2025-09-09T17:46:10,29.19,33.91,Alerta
DHT22-Lab,2025-09-09T17:47:10,23.96,51.3,Normal
DHT22-Lab,2025-09-09T17:48:10,23.91,56.97,Normal
DHT22-Lab,2025-09-09T17:49:10,21.28,48.04,Normal
DHT22-Lab,2025-09-09T17:50:10,20.85,44.61,Normal
DHT22-Lab,2025-09-09T17:51:10,22.21,57.28,Normal
DHT22-Lab,2025-09-09T17:52:10,20.64,54.06,Normal
DHT22-Lab,2025-09-09T17:53:10,21.81,45.23,Normal
DHT22-Lab,2025-09-09T17:54:10,23.39,49.49,Normal
DHT22-Lab,2025-09-09T17:55:10,20.29,49.7,Normal
DHT22-Lab,2025-09-09T17:56:10,28.54,62.9,Alerta
DHT22-Lab,2025-09-09T17:57:10,24.97,56.03,Normal
DHT22-Lab,2025-09-09T17:58:10,17.87,30.71,Alerta
DHT22-Lab,2025-09-09T17:59:10,21.98,50.85,Normal
DHT22-Lab,2025-09-09T18:00:10,25.5,51.87,Normal
DHT22-Lab,2025-09-09T18:01:10,21.07,46.05,Normal
DHT22-Lab,2025-09-09T18:02:10,25.54,51.35,Normal
DHT22-Lab,2025-09-09T18:03:10,21.92,47.94,Normal
DHT22-Lab,2025-09-09T18:04:10,24.94,54.36,Normal
DHT22-Lab,2025-09-09T18:05:10,26.12,43.93,Normal
DHT22-Lab,2025-09-09T18:06:10,20.65,46.23,Normal
DHT22-Lab,2025-09-09T18:07:10,21.17,48.62,Normal
DHT22-Lab,2025-09-09T18:08:10,21.59,53.36,Normal
DHT22-Lab,2025-09-09T18:09:10,25.68,47.43,Normal
DHT22-Lab,2025-09-09T18:10:10,21.61,45.92,Normal
DHT22-Lab,2025-09-09T18:11:10,26.11,56.21,Normal
DHT22-Lab,2025-09-09T18:12:10,23.36,49.85,Normal
DHT22-Lab,2025-09-09T18:13:10,23.49,48.95,Normal
DHT22-Lab,2025-09-09T18:14:10,20.82,57.24,Normal
DHT22-Lab,2025-09-09T18:15:10,26.2,44.62,Normal
DHT22-Lab,2025-09-09T18:16:10,21.35,46.05,Normal
DHT22-Lab,2025-09-09T18:17:10,20.77,56.67,Normal
DHT22-Lab,2025-09-09T18:18:10,23.95,49.44,Normal
DHT22-Lab,2025-09-09T18:19:10,23.46,45.0,Normal
DHT22-Lab,2025-09-09T18:20:10,17.41,61.95,Alerta
DHT22-Lab,2025-09-09T18:21:10,27.25,68.05,Alerta
DHT22-Lab,2025-09-09T18:22:10,24.88,54.7,Normal
DHT22-Lab,2025-09-09T18:23:10,26.0,49.01,Normal
DHT22-Lab,2025-09-09T18:24:10,20.02,57.89,Normal
DHT22-Lab,2025-09-09T18:25:10,20.4,49.33,Normal
DHT22-Lab,2025-09-09T18:26:10,20.99,52.12,Normal
DHT22-Lab,2025-09-09T18:27:10,25.99,47.11,Normal
DHT22-Lab,2025-09-09T18:28:10,23.0,52.56,Normal
DHT22-Lab,2025-09-09T18:29:10,23.07,57.2,Normal
DHT22-Lab,2025-09-09T18:30:10,21.15,52.85,Normal
DHT22-Lab,2025-09-09T18:31:10,20.26,49.19,Normal
DHT22-Lab,2025-09-09T18:32:10,24.87,57.87,Normal
DHT22-Lab,2025-09-09T18:33:10,24.29,46.84,Normal
DHT22-Lab,2025-09-09T18:34:10,29.24,65.84,Alerta
DHT22-Lab,2025-09-09T18:35:10,23.31,56.51,Normal
DHT22-Lab,2025-09-09T18:36:10,24.21,47.48,Normal
DHT22-Lab,2025-09-09T18:37:10,22.86,44.01,Normal
DHT22-Lab,2025-09-09T18:38:10,24.34,52.49,Normal
DHT22-Lab,2025-09-09T18:39:10,20.13,47.22,Normal
DHT22-Lab,2025-09-09T18:40:10,25.06,55.77,Normal
DHT22-Lab,2025-09-09T18:41:10,24.34,44.07,Normal
DHT22-Lab,2025-09-09T18:42:10,20.9,46.54,Normal
DHT22-Lab,2025-09-09T18:43:10,25.92,45.24,Normal
DHT22-Lab,2025-09-09T18:44:10,24.56,57.25,Normal
DHT22-Lab,2025-09-09T18:45:10,21.66,52.01,Normal
DHT22-Lab,2025-09-09T18:46:10,26.34,48.39,Normal
DHT22-Lab,2025-09-09T18:47:10,20.15,48.4,Normal
DHT22-Lab,2025-09-09T18:48:10,23.97,49.1,Normal
DHT22-Lab,2025-09-09T18:49:10,16.61,65.15,Alerta
DHT22-Lab,2025-09-09T18:50:10,22.17,45.91,Normal
DHT22-Lab,2025-09-09T18:51:10,17.6,37.38,Alerta
DHT22-Lab,2025-09-09T18:52:10,24.96,49.69,Normal
DHT22-Lab,2025-09-09T18:53:10,21.56,52.32,Normal
DHT22-Lab,2025-09-09T18:54:10,21.68,51.38,Normal
DHT22-Lab,2025-09-09T18:55:10,21.42,55.06,Normal
DHT22-Lab,2025-09-09T18:56:10,21.09,42.12,Normal
DHT22-Lab,2025-09-09T18:57:10,25.18,55.43,Normal
DHT22-Lab,2025-09-09T18:58:10,25.03,43.85,Normal
DHT22-Lab,2025-09-09T18:59:10,26.49,45.08,Normal
DHT22-Lab,2025-09-09T19:00:10,22.75,51.91,Normal
DHT22-Lab,2025-09-09T19:01:10,16.13,68.01,Alerta
DHT22-Lab,2025-09-09T19:02:10,25.75,52.62,Normal
DHT22-Lab,2025-09-09T19:03:10,25.41,44.82,Normal
DHT22-Lab,2025-09-09T19:04:10,23.59,50.01,Normal
DHT22-Lab,2025-09-09T19:05:10,24.24,57.87,Normal
DHT22-Lab,2025-09-09T19:06:10,27.38,69.78,Alerta
DHT22-Lab,2025-09-09T19:07:10,23.0,48.8,Normal
DHT22-Lab,2025-09-09T19:08:10,24.37,47.65,Normal
DHT22-Lab,2025-09-09T19:09:10,25.41,55.14,Normal
DHT22-Lab,2025-09-09T19:10:10,22.09,53.98,Normal
DHT22-Lab,2025-09-09T19:11:10,23.19,56.29,Normal
DHT22-Lab,2025-09-09T19:12:10,25.71,43.54,Normal
DHT22-Lab,2025-09-09T19:13:10,23.47,43.08,Normal
DHT22-Lab,2025-09-09T19:14:10,20.0,48.98,Normal
DHT22-Lab,2025-09-09T19:15:10,20.23,52.44,Normal
DHT22-Lab,2025-09-09T19:16:10,21.09,44.35,Normal
DHT22-Lab,2025-09-09T19:17:10,25.35,50.62,Normal
DHT22-Lab,2025-09-09T19:18:10,20.6,48.31,Normal
DHT22-Lab,2025-09-09T19:19:10,21.67,54.04,Normal
DHT22-Lab,2025-09-09T19:20:10,24.88,49.43,Normal
DHT22-Lab,2025-09-09T19:21:10,21.42,45.33,Normal
DHT22-Lab,2025-09-09T19:22:10,20.77,43.38,Normal
DHT22-Lab,2025-09-09T19:23:10,21.14,55.17,Normal
DHT22-Lab,2025-09-09T19:24:10,26.44,44.2,Normal
DHT22-Lab,2025-09-09T19:25:10,22.92,48.29,Normal
DHT22-Lab,2025-09-09T19:26:10,26.34,55.97,Normal
DHT22-Lab,2025-09-09T19:27:10,21.44,52.5,Normal
DHT22-Lab,2025-09-09T19:28:10,24.78,51.06,Normal
DHT22-Lab,2025-09-09T19:29:10,25.39,53.37,Normal
DHT22-Lab,2025-09-09T19:30:10,20.32,51.62,Normal
DHT22-Lab,2025-09-09T19:31:10,21.69,48.7,Normal
DHT22-Lab,2025-09-09T19:32:10,25.37,50.98,Normal
DHT22-Lab,2025-09-09T19:33:10,21.76,50.35,Normal
DHT22-Lab,2025-09-09T19:34:10,23.67,52.83,Normal
DHT22-Lab,2025-09-09T19:35:10,20.01,45.4,Normal
DHT22-Lab,2025-09-09T19:36:10,24.2,44.75,Normal
DHT22-Lab,2025-09-09T19:37:10,23.05,49.62,Normal
DHT22-Lab,2025-09-09T19:38:10,27.72,62.36,Alerta
DHT22-Lab,2025-09-09T19:39:10,21.39,43.59,Normal
DHT22-Lab,2025-09-09T19:40:10,22.75,44.82,Normal
DHT22-Lab,2025-09-09T19:41:10,25.59,47.13,Normal
DHT22-Lab,2025-09-09T19:42:10,20.36,47.72,Normal
DHT22-Lab,2025-09-09T19:43:10,23.97,45.29,Normal
DHT22-Lab,2025-09-09T19:44:10,26.04,43.6,Normal
DHT22-Lab,2025-09-09T19:45:10,20.75,51.91,Normal
DHT22-Lab,2025-09-09T19:46:10,25.54,54.07,Normal
DHT22-Lab,2025-09-09T19:47:10,23.42,57.95,Normal
DHT22-Lab,2025-09-09T19:48:10,22.61,47.18,Normal
DHT22-Lab,2025-09-09T19:49:10,29.44,69.8,Alerta
DHT22-Lab,2025-09-09T19:50:10,23.21,57.53,Normal
DHT22-Lab,2025-09-09T19:51:10,22.58,51.36,Normal
DHT22-Lab,2025-09-09T19:52:10,22.09,45.09,Normal
DHT22-Lab,2025-09-09T19:53:10,25.63,51.43,Normal
DHT22-Lab,2025-09-09T19:54:10,22.66,48.9,Normal
DHT22-Lab,2025-09-09T19:55:10,26.02,56.92,Normal
DHT22-Lab,2025-09-09T19:56:10,22.14,49.22,Normal
DHT22-Lab,2025-09-09T19:57:10,23.0,52.54,Normal
DHT22-Lab,2025-09-09T19:58:10,22.08,47.53,Normal
DHT22-Lab,2025-09-09T19:59:10,20.62,44.66,Normal
DHT22-Lab,2025-09-09T20:00:10,22.53,45.43,Normal
DHT22-Lab,2025-09-09T20:01:10,24.91,46.12,Normal
DHT22-Lab,2025-09-09T20:02:10,26.03,51.56,Normal
DHT22-Lab,2025-09-09T20:03:10,20.34,57.13,Normal
DHT22-Lab,2025-09-09T20:04:10,26.01,51.26,Normal
DHT22-Lab,2025-09-09T20:05:10,20.25,52.89,Normal
DHT22-Lab,2025-09-09T20:06:10,20.17,53.9,Normal
DHT22-Lab,2025-09-09T20:07:10,23.23,49.45,Normal
DHT22-Lab,2025-09-09T20:08:10,25.11,47.29,Normal
DHT22-Lab,2025-09-09T20:09:10,22.42,51.04,Normal
DHT22-Lab,2025-09-09T20:10:10,21.04,54.4,Normal
DHT22-Lab,2025-09-09T20:11:10,23.49,57.45,Normal
DHT22-Lab,2025-09-09T20:12:10,16.36,68.84,Alerta
DHT22-Lab,2025-09-09T20:13:10,20.66,54.98,Normal
DHT22-Lab,2025-09-09T20:14:10,23.67,57.71,Normal
DHT22-Lab,2025-09-09T20:15:10,22.76,47.92,Normal
DHT22-Lab,2025-09-09T20:16:10,20.77,54.72,Normal
DHT22-Lab,2025-09-09T20:17:10,21.85,46.86,Normal
DHT22-Lab,2025-09-09T20:18:10,20.16,50.33,Normal
DHT22-Lab,2025-09-09T20:19:10,24.49,44.61,Normal
DHT22-Lab,2025-09-09T20:20:10,22.45,51.9,Normal
DHT22-Lab,2025-09-09T20:21:10,23.0,50.36,Normal
DHT22-Lab,2025-09-09T20:22:10,20.91,45.02,Normal
DHT22-Lab,2025-09-09T20:23:10,20.63,57.16,Normal
DHT22-Lab,2025-09-09T20:24:10,25.26,57.59,Normal
DHT22-Lab,2025-09-09T20:25:10,24.24,55.94,Normal
DHT22-Lab,2025-09-09T20:26:10,22.79,48.9,Normal
DHT22-Lab,2025-09-09T20:27:10,23.47,57.9,Normal
DHT22-Lab,2025-09-09T20:28:10,29.15,69.08,Alerta
DHT22-Lab,2025-09-09T20:29:10,26.08,55.4,Normal
DHT22-Lab,2025-09-09T20:30:10,20.39,55.36,Normal
DHT22-Lab,2025-09-09T20:31:10,23.48,56.65,Normal
DHT22-Lab,2025-09-09T20:32:10,22.58,49.12,Normal
DHT22-Lab,2025-09-09T20:33:10,26.3,46.97,Normal
DHT22-Lab,2025-09-09T20:34:10,21.86,57.43,Normal
DHT22-Lab,2025-09-09T20:35:10,25.64,53.33,Normal
DHT22-Lab,2025-09-09T20:36:10,26.34,55.47,Normal
DHT22-Lab,2025-09-09T20:37:10,29.41,65.66,Alerta
DHT22-Lab,2025-09-09T20:38:10,26.32,53.28,Normal
DHT22-Lab,2025-09-09T20:39:10,22.97,48.18,Normal
DHT22-Lab,2025-09-09T20:40:10,22.54,43.44,Normal
DHT22-Lab,2025-09-09T20:41:10,25.07,49.14,Normal
DHT22-Lab,2025-09-09T20:42:10,27.2,62.46,Alerta
DHT22-Lab,2025-09-09T20:43:10,28.6,39.67,Alerta
DHT22-Lab,2025-09-09T20:44:10,20.32,44.46,Normal
DHT22-Lab,2025-09-09T20:45:10,21.27,51.1,Normal
DHT22-Lab,2025-09-09T20:46:10,28.92,68.11,Alerta
DHT22-Lab,2025-09-09T20:47:10,25.62,57.18,Normal
DHT22-Lab,2025-09-09T20:48:10,20.59,45.61,Normal
DHT22-Lab,2025-09-09T20:49:10,26.15,48.05,Normal
DHT22-Lab,2025-09-09T20:50:10,23.51,44.92,Normal
DHT22-Lab,2025-09-09T20:51:10,24.25,52.77,Normal
DHT22-Lab,2025-09-09T20:52:10,21.49,53.55,Normal
DHT22-Lab,2025-09-09T20:53:10,26.09,45.01,Normal
DHT22-Lab,2025-09-09T20:54:10,23.23,50.31,Normal
DHT22-Lab,2025-09-09T20:55:10,22.84,57.92,Normal
DHT22-Lab,2025-09-09T20:56:10,23.11,48.75,Normal
DHT22-Lab,2025-09-09T20:57:10,23.85,45.65,Normal
DHT22-Lab,2025-09-09T20:58:10,20.33,57.7,Normal
DHT22-Lab,2025-09-09T20:59:10,25.83,49.61,Normal
DHT22-Lab,2025-09-09T21:00:10,25.34,52.37,Normal
DHT22-Lab,2025-09-09T21:01:10,22.78,52.21,Normal
DHT22-Lab,2025-09-09T21:02:10,24.1,47.56,Normal
DHT22-Lab,2025-09-09T21:03:10,24.37,57.37,Normal
DHT22-Lab,2025-09-09T21:04:10,22.76,54.99,Normal
DHT22-Lab,2025-09-09T21:05:10,24.79,49.36,Normal
DHT22-Lab,2025-09-09T21:06:10,24.84,44.1,Normal
DHT22-Lab,2025-09-09T21:07:10,24.07,53.96,Normal
DHT22-Lab,2025-09-09T21:08:10,21.77,43.77,Normal
DHT22-Lab,2025-09-09T21:09:10,27.67,65.53,Alerta
DHT22-Lab,2025-09-09T21:10:10,24.94,53.33,Normal
DHT22-Lab,2025-09-09T21:11:10,22.32,49.65,Normal
DHT22-Lab,2025-09-09T21:12:10,21.78,46.93,Normal
DHT22-Lab,2025-09-09T21:13:10,23.58,53.28,Normal
DHT22-Lab,2025-09-09T21:14:10,23.13,54.52,Normal
DHT22-Lab,2025-09-09T21:15:10,25.3,49.17,Normal
DHT22-Lab,2025-09-09T21:16:10,21.56,47.77,Normal
DHT22-Lab,2025-09-09T21:17:10,23.04,48.27,Normal
DHT22-Lab,2025-09-09T21:18:10,24.89,47.02,Normal
DHT22-Lab,2025-09-09T21:19:10,20.85,49.02,Normal
DHT22-Lab,2025-09-09T21:20:10,22.4,45.78,Normal
DHT22-Lab,2025-09-09T21:21:10,26.05,49.97,Normal
DHT22-Lab,2025-09-09T21:22:10,25.64,57.98,Normal
DHT22-Lab,2025-09-09T21:23:10,25.78,56.54,Normal
DHT22-Lab,2025-09-09T21:24:10,23.0,43.3,Normal
DHT22-Lab,2025-09-09T21:25:10,23.1,49.91,Normal
DHT22-Lab,2025-09-09T21:26:10,23.69,50.83,Normal
DHT22-Lab,2025-09-09T21:27:10,20.71,45.6,Normal
DHT22-Lab,2025-09-09T21:28:10,25.51,57.92,Normal
DHT22-Lab,2025-09-09T21:29:10,25.78,47.03,Normal
DHT22-Lab,2025-09-09T21:30:10,21.74,51.7,Normal
DHT22-Lab,2025-09-09T21:31:10,28.72,62.11,Alerta
DHT22-Lab,2025-09-09T21:32:10,20.38,57.19,Normal
DHT22-Lab,2025-09-09T21:33:10,25.42,52.9,Normal
DHT22-Lab,2025-09-09T21:34:10,21.14,54.99,Normal
DHT22-Lab,2025-09-09T21:35:10,25.94,44.24,Normal
DHT22-Lab,2025-09-09T21:36:10,25.29,45.76,Normal
DHT22-Lab,2025-09-09T21:37:10,26.27,46.23,Normal
DHT22-Lab,2025-09-09T21:38:10,22.81,46.05,Normal
DHT22-Lab,2025-09-09T21:39:10,25.02,48.05,Normal
DHT22-Lab,2025-09-09T21:40:10,21.38,42.07,Normal
DHT22-Lab,2025-09-09T21:41:10,26.46,42.62,Normal
DHT22-Lab,2025-09-09T21:42:10,23.37,54.96,Normal
DHT22-Lab,2025-09-09T21:43:10,22.57,53.95,Normal
DHT22-Lab,2025-09-09T21:44:10,21.23,45.13,Normal
DHT22-Lab,2025-09-09T21:45:10,23.12,55.79,Normal
DHT22-Lab,2025-09-09T21:46:10,24.49,57.73,Normal
DHT22-Lab,2025-09-09T21:47:10,22.62,56.77,Normal
DHT22-Lab,2025-09-09T21:48:10,24.74,54.07,Normal
DHT22-Lab,2025-09-09T21:49:10,23.04,45.21,Normal
DHT22-Lab,2025-09-09T21:50:10,23.01,46.63,Normal
DHT22-Lab,2025-09-09T21:51:10,25.9,54.84,Normal
DHT22-Lab,2025-09-09T21:52:10,21.78,46.08,Normal
DHT22-Lab,2025-09-09T21:53:10,26.13,48.43,Normal
DHT22-Lab,2025-09-09T21:54:10,25.5,48.39,Normal
DHT22-Lab,2025-09-09T21:55:10,21.05,52.23,Normal
DHT22-Lab,2025-09-09T21:56:10,21.37,56.68,Normal
DHT22-Lab,2025-09-09T21:57:10,25.51,45.64,Normal
DHT22-Lab,2025-09-09T21:58:10,25.64,46.89,Normal
DHT22-Lab,2025-09-09T21:59:10,24.94,44.05,Normal
DHT22-Lab,2025-09-09T22:00:10,26.1,53.65,Normal
DHT22-Lab,2025-09-09T22:01:10,25.7,50.44,Normal
DHT22-Lab,2025-09-09T22:02:10,25.33,53.99,Normal
DHT22-Lab,2025-09-09T22:03:10,20.77,45.81,Normal
DHT22-Lab,2025-09-09T22:04:10,23.28,51.32,Normal
DHT22-Lab,2025-09-09T22:05:10,25.11,56.61,Normal
DHT22-Lab,2025-09-09T22:06:10,24.79,52.85,Normal
DHT22-Lab,2025-09-09T22:07:10,21.23,54.72,Normal
DHT22-Lab,2025-09-09T22:08:10,29.76,33.49,Alerta
DHT22-Lab,2025-09-09T22:09:10,23.08,57.79,Normal
DHT22-Lab,2025-09-09T22:10:10,22.68,56.01,Normal
DHT22-Lab,2025-09-09T22:11:10,25.12,48.12,Normal
DHT22-Lab,2025-09-09T22:12:10,16.57,63.7,Alerta
DHT22-Lab,2025-09-09T22:13:10,24.28,55.27,Normal
DHT22-Lab,2025-09-09T22:14:10,21.43,53.39,Normal
DHT22-Lab,2025-09-09T22:15:10,23.22,42.88,Normal
DHT22-Lab,2025-09-09T22:16:10,25.62,42.49,Normal
DHT22-Lab,2025-09-09T22:17:10,26.14,42.81,Normal
DHT22-Lab,2025-09-09T22:18:10,21.67,55.87,Normal
DHT22-Lab,2025-09-09T22:19:10,25.76,45.45,Normal
DHT22-Lab,2025-09-09T22:20:10,25.07,45.93,Normal
DHT22-Lab,2025-09-09T22:21:10,20.18,57.34,Normal
DHT22-Lab,2025-09-09T22:22:10,24.13,53.9,Normal
DHT22-Lab,2025-09-09T22:23:10,23.09,49.19,Normal
DHT22-Lab,2025-09-09T22:24:10,21.31,56.21,Normal
DHT22-Lab,2025-09-09T22:25:10,22.27,51.26,Normal
DHT22-Lab,2025-09-09T22:26:10,26.32,56.45,Normal
DHT22-Lab,2025-09-09T22:27:10,27.59,61.36,Alerta
DHT22-Lab,2025-09-09T22:28:10,20.46,57.84,Normal
DHT22-Lab,2025-09-09T22:29:10,20.86,55.24,Normal
DHT22-Lab,2025-09-09T22:30:10,25.03,52.09,Normal
DHT22-Lab,2025-09-09T22:31:10,24.15,50.35,Normal
DHT22-Lab,2025-09-09T22:32:10,22.91,47.54,Normal
DHT22-Lab,2025-09-09T22:33:10,21.1,54.75,Normal
DHT22-Lab,2025-09-09T22:34:10,21.0,45.94,Normal
DHT22-Lab,2025-09-09T22:35:10,22.15,52.98,Normal
DHT22-Lab,2025-09-09T22:36:10,20.51,54.24,Normal
DHT22-Lab,2025-09-09T22:37:10,21.41,53.02,Normal
DHT22-Lab,2025-09-09T22:38:10,28.75,65.77,Alerta
DHT22-Lab,2025-09-09T22:39:10,23.97,51.98,Normal
DHT22-Lab,2025-09-09T22:40:10,24.51,52.8,Normal
DHT22-Lab,2025-09-09T22:41:10,20.48,49.15,Normal
DHT22-Lab,2025-09-09T22:42:10,20.56,45.56,Normal
DHT22-Lab,2025-09-09T22:43:10,24.83,45.79,Normal
DHT22-Lab,2025-09-09T22:44:10,23.55,54.17,Normal
DHT22-Lab,2025-09-09T22:45:10,23.24,51.92,Normal
DHT22-Lab,2025-09-09T22:46:10,28.63,67.51,Alerta
DHT22-Lab,2025-09-09T22:47:10,23.35,49.71,Normal
DHT22-Lab,2025-09-09T22:48:10,28.46,34.46,Alerta
DHT22-Lab,2025-09-09T22:49:10,21.41,43.52,Normal
DHT22-Lab,2025-09-09T22:50:10,22.81,54.31,Normal
DHT22-Lab,2025-09-09T22:51:10,20.21,51.12,Normal
DHT22-Lab,2025-09-09T22:52:10,26.12,44.68,Normal
DHT22-Lab,2025-09-09T22:53:10,22.12,52.26,Normal
DHT22-Lab,2025-09-09T22:54:10,24.94,45.69,Normal
DHT22-Lab,2025-09-09T22:55:10,29.29,69.99,Alerta
DHT22-Lab,2025-09-09T22:56:10,21.86,46.01,Normal
DHT22-Lab,2025-09-09T22:57:10,23.79,57.9,Normal
DHT22-Lab,2025-09-09T22:58:10,28.95,39.24,Alerta
DHT22-Lab,2025-09-09T22:59:10,23.44,55.33,Normal
DHT22-Lab,2025-09-09T23:00:10,22.86,57.77,Normal
DHT22-Lab,2025-09-09T23:01:10,17.52,63.55,Alerta
DHT22-Lab,2025-09-09T23:02:10,23.65,50.09,Normal
DHT22-Lab,2025-09-09T23:03:10,22.65,53.99,Normal
DHT22-Lab,2025-09-09T23:04:10,22.15,44.04,Normal
DHT22-Lab,2025-09-09T23:05:10,25.53,49.14,Normal
DHT22-Lab,2025-09-09T23:06:10,24.94,50.86,Normal
DHT22-Lab,2025-09-09T23:07:10,22.06,44.83,Normal
DHT22-Lab,2025-09-09T23:08:10,21.79,43.04,Normal
DHT22-Lab,2025-09-09T23:09:10,23.78,42.35,Normal
DHT22-Sala1,2025-09-09T13:10:10,21.01,51.71,Normal
DHT22-Sala1,2025-09-09T13:11:10,22.88,43.15,Normal
DHT22-Sala1,2025-09-09T13:12:10,25.8,42.18,Normal
DHT22-Sala1,2025-09-09T13:13:10,25.88,50.79,Normal
DHT22-Sala1,2025-09-09T13:14:10,21.32,52.56,Normal
DHT22-Sala1,2025-09-09T13:15:10,23.9,57.25,Normal
DHT22-Sala1,2025-09-09T13:16:10,21.95,49.64,Normal
DHT22-Sala1,2025-09-09T13:17:10,21.46,42.74,Normal
DHT22-Sala1,2025-09-09T13:18:10,24.62,42.3,Normal
DHT22-Sala1,2025-09-09T13:19:10,24.19,51.77,Normal
DHT22-Sala1,2025-09-09T13:20:10,25.27,53.39,Normal
DHT22-Sala1,2025-09-09T13:21:10,23.09,51.65,Normal
DHT22-Sala1,2025-09-09T13:22:10,20.28,45.58,Normal
DHT22-Sala1,2025-09-09T13:23:10,22.69,44.83,Normal
DHT22-Sala1,2025-09-09T13:24:10,26.02,45.22,Normal
DHT22-Sala1,2025-09-09T13:25:10,29.78,30.12,Alerta
DHT22-Sala1,2025-09-09T13:26:10,26.31,56.49,Normal
DHT22-Sala1,2025-09-09T13:27:10,27.33,66.33,Alerta
DHT22-Sala1,2025-09-09T13:28:10,22.71,51.15,Normal
DHT22-Sala1,2025-09-09T13:29:10,24.81,43.2,Normal
DHT22-Sala1,2025-09-09T13:30:10,25.52,49.56,Normal
DHT22-Sala1,2025-09-09T13:31:10,22.03,57.51,Normal
DHT22-Sala1,2025-09-09T13:32:10,22.4,44.8,Normal
DHT22-Sala1,2025-09-09T13:33:10,23.02,57.08,Normal
DHT22-Sala1,2025-09-09T13:34:10,21.4,55.75,Normal
DHT22-Sala1,2025-09-09T13:35:10,25.54,45.87,Normal
DHT22-Sala1,2025-09-09T13:36:10,26.02,46.13,Normal
DHT22-Sala1,2025-09-09T13:37:10,26.42,44.41,Normal
DHT22-Sala1,2025-09-09T13:38:10,24.38,47.44,Normal
DHT22-Sala1,2025-09-09T13:39:10,23.09,54.06,Normal
DHT22-Sala1,2025-09-09T13:40:10,22.18,55.53,Normal
DHT22-Sala1,2025-09-09T13:41:10,25.48,49.14,Normal
DHT22-Sala1,2025-09-09T13:42:10,27.44,34.84,Alerta
DHT22-Sala1,2025-09-09T13:43:10,20.99,53.0,Normal
DHT22-Sala1,2025-09-09T13:44:10,21.86,44.24,Normal
DHT22-Sala1,2025-09-09T13:45:10,22.69,50.35,Normal
DHT22-Sala1,2025-09-09T13:46:10,20.21,51.83,Normal
DHT22-Sala1,2025-09-09T13:47:10,24.23,43.74,Normal
DHT22-Sala1,2025-09-09T13:48:10,21.61,49.3,Normal
DHT22-Sala1,2025-09-09T13:49:10,25.27,48.05,Normal
DHT22-Sala1,2025-09-09T13:50:10,23.86,42.35,Normal
DHT22-Sala1,2025-09-09T13:51:10,22.24,48.74,Normal
DHT22-Sala1,2025-09-09T13:52:10,25.09,57.08,Normal
DHT22-Sala1,2025-09-09T13:53:10,23.91,54.22,Normal
DHT22-Sala1,2025-09-09T13:54:10,25.12,52.12,Normal
DHT22-Sala1,2025-09-09T13:55:10,16.08,65.7,Alerta
DHT22-Sala1,2025-09-09T13:56:10,22.19,57.8,Normal
DHT22-Sala1,2025-09-09T13:57:10,22.94,55.48,Normal
DHT22-Sala1,2025-09-09T13:58:10,23.12,57.65,Normal
DHT22-Sala1,2025-09-09T13:59:10,20.85,42.83,Normal
DHT22-Sala1,2025-09-09T14:00:10,28.56,64.52,Alerta
DHT22-Sala1,2025-09-09T14:01:10,29.92,65.29,Alerta
DHT22-Sala1,2025-09-09T14:02:10,22.91,46.47,Normal
DHT22-Sala1,2025-09-09T14:03:10,22.53,50.49,Normal
DHT22-Sala1,2025-09-09T14:04:10,27.97,64.22,Alerta
DHT22-Sala1,2025-09-09T14:05:10,24.42,44.9,Normal
DHT22-Sala1,2025-09-09T14:06:10,21.71,47.68,Normal
DHT22-Sala1,2025-09-09T14:07:10,24.66,49.46,Normal
DHT22-Sala1,2025-09-09T14:08:10,25.54,51.15,Normal
DHT22-Sala1,2025-09-09T14:09:10,25.85,47.48,Normal
DHT22-Sala1,2025-09-09T14:10:10,23.21,43.98,Normal
DHT22-Sala1,2025-09-09T14:11:10,24.86,44.09,Normal
DHT22-Sala1,2025-09-09T14:12:10,26.09,51.7,Normal
DHT22-Sala1,2025-09-09T14:13:10,24.64,57.88,Normal
DHT22-Sala1,2025-09-09T14:14:10,21.06,50.31,Normal
DHT22-Sala1,2025-09-09T14:15:10,21.16,51.81,Normal
DHT22-Sala1,2025-09-09T14:16:10,26.03,46.23,Normal
DHT22-Sala1,2025-09-09T14:17:10,20.7,45.84,Normal
DHT22-Sala1,2025-09-09T14:18:10,20.21,46.47,Normal
DHT22-Sala1,2025-09-09T14:19:10,22.46,48.16,Normal
DHT22-Sala1,2025-09-09T14:20:10,22.13,43.44,Normal
DHT22-Sala1,2025-09-09T14:21:10,21.31,54.11,Normal
DHT22-Sala1,2025-09-09T14:22:10,16.96,63.49,Alerta
DHT22-Sala1,2025-09-09T14:23:10,24.97,55.51,Normal
DHT22-Sala1,2025-09-09T14:24:10,22.82,54.27,Normal
DHT22-Sala1,2025-09-09T14:25:10,22.0,56.87,Normal
DHT22-Sala1,2025-09-09T14:26:10,26.46,54.32,Normal
DHT22-Sala1,2025-09-09T14:27:10,24.27,42.55,Normal
DHT22-Sala1,2025-09-09T14:28:10,25.19,51.64,Normal
DHT22-Sala1,2025-09-09T14:29:10,20.64,46.41,Normal
DHT22-Sala1,2025-09-09T14:30:10,20.28,49.17,Normal
DHT22-Sala1,2025-09-09T14:31:10,22.55,48.8,Normal
DHT22-Sala1,2025-09-09T14:32:10,21.76,56.3,Normal
DHT22-Sala1,2025-09-09T14:33:10,22.13,50.04,Normal
DHT22-Sala1,2025-09-09T14:34:10,21.67,50.04,Normal
DHT22-Sala1,2025-09-09T14:35:10,22.29,51.05,Normal
DHT22-Sala1,2025-09-09T14:36:10,25.36,46.11,Normal
DHT22-Sala1,2025-09-09T14:37:10,29.91,61.85,Alerta
DHT22-Sala1,2025-09-09T14:38:10,21.1,55.09,Normal
DHT22-Sala1,2025-09-09T14:39:10,21.71,56.87,Normal
DHT22-Sala1,2025-09-09T14:40:10,23.67,53.54,Normal
DHT22-Sala1,2025-09-09T14:41:10,23.89,55.05,Normal
DHT22-Sala1,2025-09-09T14:42:10,23.33,46.14,Normal
DHT22-Sala1,2025-09-09T14:43:10,20.77,56.99,Normal
DHT22-Sala1,2025-09-09T14:44:10,21.21,47.17,Normal
DHT22-Sala1,2025-09-09T14:45:10,24.67,49.08,Normal
DHT22-Sala1,2025-09-09T14:46:10,20.68,58.0,Normal
DHT22-Sala1,2025-09-09T14:47:10,25.67,49.72,Normal
DHT22-Sala1,2025-09-09T14:48:10,27.43,39.38,Alerta
DHT22-Sala1,2025-09-09T14:49:10,22.31,49.24,Normal
DHT22-Sala1,2025-09-09T14:50:10,21.24,56.37,Normal
DHT22-Sala1,2025-09-09T14:51:10,24.58,43.07,Normal
DHT22-Sala1,2025-09-09T14:52:10,24.25,47.42,Normal
DHT22-Sala1,2025-09-09T14:53:10,20.61,57.2,Normal
DHT22-Sala1,2025-09-09T14:54:10,25.7,44.18,Normal
DHT22-Sala1,2025-09-09T14:55:10,22.39,50.59,Normal
DHT22-Sala1,2025-09-09T14:56:10,20.39,47.9,Normal
DHT22-Sala1,2025-09-09T14:57:10,22.51,45.15,Normal
DHT22-Sala1,2025-09-09T14:58:10,24.08,48.21,Normal
DHT22-Sala1,2025-09-09T14:59:10,23.47,54.35,Normal
DHT22-Sala1,2025-09-09T15:00:10,23.82,57.46,Normal
DHT22-Sala1,2025-09-09T15:01:10,25.91,54.7,Normal
DHT22-Sala1,2025-09-09T15:02:10,22.79,53.17,Normal
DHT22-Sala1,2025-09-09T15:03:10,27.37,61.7,Alerta
DHT22-Sala1,2025-09-09T15:04:10,23.3,53.57,Normal
DHT22-Sala1,2025-09-09T15:05:10,24.09,51.8,Normal
DHT22-Sala1,2025-09-09T15:06:10,25.48,55.9,Normal
DHT22-Sala1,2025-09-09T15:07:10,23.62,45.46,Normal
DHT22-Sala1,2025-09-09T15:08:10,24.21,48.72,Normal
DHT22-Sala1,2025-09-09T15:09:10,22.2,53.26,Normal
DHT22-Sala1,2025-09-09T15:10:10,20.61,56.21,Normal
DHT22-Sala1,2025-09-09T15:11:10,21.3,46.68,Normal
DHT22-Sala1,2025-09-09T15:12:10,28.87,63.34,Alerta
DHT22-Sala1,2025-09-09T15:13:10,24.74,42.69,Normal
DHT22-Sala1,2025-09-09T15:14:10,24.74,57.18,Normal
DHT22-Sala1,2025-09-09T15:15:10,23.07,49.78,Normal
DHT22-Sala1,2025-09-09T15:16:10,22.11,50.35,Normal
DHT22-Sala1,2025-09-09T15:17:10,23.89,56.37,Normal
DHT22-Sala1,2025-09-09T15:18:10,28.22,63.85,Alerta
DHT22-Sala1,2025-09-09T15:19:10,21.13,54.23,Normal
DHT22-Sala1,2025-09-09T15:20:10,25.98,42.52,Normal
DHT22-Sala1,2025-09-09T15:21:10,22.62,43.28,Normal
DHT22-Sala1,2025-09-09T15:22:10,26.41,45.34,Normal
DHT22-Sala1,2025-09-09T15:23:10,23.73,49.97,Normal
DHT22-Sala1,2025-09-09T15:24:10,22.45,55.23,Normal
DHT22-Sala1,2025-09-09T15:25:10,22.78,53.04,Normal
DHT22-Sala1,2025-09-09T15:26:10,22.4,51.08,Normal
DHT22-Sala1,2025-09-09T15:27:10,21.11,43.11,Normal
DHT22-Sala1,2025-09-09T15:28:10,21.87,53.58,Normal
DHT22-Sala1,2025-09-09T15:29:10,25.61,55.37,Normal
DHT22-Sala1,2025-09-09T15:30:10,20.15,42.9,Normal
DHT22-Sala1,2025-09-09T15:31:10,21.53,50.77,Normal
DHT22-Sala1,2025-09-09T15:32:10,25.17,49.82,Normal
DHT22-Sala1,2025-09-09T15:33:10,26.43,44.4,Normal
DHT22-Sala1,2025-09-09T15:34:10,20.34,49.64,Normal
DHT22-Sala1,2025-09-09T15:35:10,24.32,52.96,Normal
DHT22-Sala1,2025-09-09T15:36:10,22.72,47.87,Normal
DHT22-Sala1,2025-09-09T15:37:10,23.0,47.23,Normal
DHT22-Sala1,2025-09-09T15:38:10,21.63,47.84,Normal
DHT22-Sala1,2025-09-09T15:39:10,25.67,51.63,Normal
DHT22-Sala1,2025-09-09T15:40:10,24.51,55.56,Normal
DHT22-Sala1,2025-09-09T15:41:10,20.98,42.14,Normal
DHT22-Sala1,2025-09-09T15:42:10,24.95,57.79,Normal
DHT22-Sala1,2025-09-09T15:43:10,24.86,43.15,Normal
DHT22-Sala1,2025-09-09T15:44:10,24.91,47.75,Normal
DHT22-Sala1,2025-09-09T15:45:10,23.87,57.86,Normal
DHT22-Sala1,2025-09-09T15:46:10,21.23,43.98,Normal
DHT22-Sala1,2025-09-09T15:47:10,23.88,54.68,Normal
DHT22-Sala1,2025-09-09T15:48:10,25.8,54.89,Normal
DHT22-Sala1,2025-09-09T15:49:10,23.61,46.76,Normal
DHT22-Sala1,2025-09-09T15:50:10,26.06,52.91,Normal
DHT22-Sala1,2025-09-09T15:51:10,28.66,61.52,Alerta
DHT22-Sala1,2025-09-09T15:52:10,23.43,43.08,Normal
DHT22-Sala1,2025-09-09T15:53:10,27.67,61.42,Alerta
DHT22-Sala1,2025-09-09T15:54:10,27.3,66.5,Alerta
DHT22-Sala1,2025-09-09T15:55:10,25.38,53.49,Normal
DHT22-Sala1,2025-09-09T15:56:10,22.1,53.16,Normal
DHT22-Sala1,2025-09-09T15:57:10,29.03,67.68,Alerta
DHT22-Sala1,2025-09-09T15:58:10,27.69,65.07,Alerta
DHT22-Sala1,2025-09-09T15:59:10,20.32,48.47,Normal
DHT22-Sala1,2025-09-09T16:00:10,23.8,52.52,Normal
DHT22-Sala1,2025-09-09T16:01:10,24.17,54.64,Normal
DHT22-Sala1,2025-09-09T16:02:10,23.49,51.7,Normal
DHT22-Sala1,2025-09-09T16:03:10,21.78,50.44,Normal
DHT22-Sala1,2025-09-09T16:04:10,24.41,43.45,Normal
DHT22-Sala1,2025-09-09T16:05:10,21.44,53.74,Normal
DHT22-Sala1,2025-09-09T16:06:10,23.86,51.46,Normal
DHT22-Sala1,2025-09-09T16:07:10,22.9,55.83,Normal
DHT22-Sala1,2025-09-09T16:08:10,23.38,47.89,Normal
DHT22-Sala1,2025-09-09T16:09:10,20.93,45.09,Normal
DHT22-Sala1,2025-09-09T16:10:10,26.14,50.08,Normal
DHT22-Sala1,2025-09-09T16:11:10,20.69,47.41,Normal
DHT22-Sala1,2025-09-09T16:12:10,22.49,54.36,Normal
DHT22-Sala1,2025-09-09T16:13:10,20.72,51.74,Normal
DHT22-Sala1,2025-09-09T16:14:10,27.25,38.75,Alerta
DHT22-Sala1,2025-09-09T16:15:10,23.59,45.39,Normal
DHT22-Sala1,2025-09-09T16:16:10,23.24,42.54,Normal
DHT22-Sala1,2025-09-09T16:17:10,26.18,55.27,Normal
DHT22-Sala1,2025-09-09T16:18:10,20.35,57.05,Normal
DHT22-Sala1,2025-09-09T16:19:10,28.96,64.49,Alerta
DHT22-Sala1,2025-09-09T16:20:10,20.63,45.72,Normal
DHT22-Sala1,2025-09-09T16:21:10,20.95,45.63,Normal
DHT22-Sala1,2025-09-09T16:22:10,21.4,44.61,Normal
DHT22-Sala1,2025-09-09T16:23:10,22.39,52.02,Normal
DHT22-Sala1,2025-09-09T16:24:10,29.75,38.21,Alerta
DHT22-Sala1,2025-09-09T16:25:10,24.03,52.23,Normal
DHT22-Sala1,2025-09-09T16:26:10,20.11,57.33,Normal
DHT22-Sala1,2025-09-09T16:27:10,25.08,48.04,Normal
DHT22-Sala1,2025-09-09T16:28:10,23.31,50.12,Normal
DHT22-Sala1,2025-09-09T16:29:10,22.21,46.0,Normal
DHT22-Sala1,2025-09-09T16:30:10,22.44,57.52,Normal
DHT22-Sala1,2025-09-09T16:31:10,22.08,46.7,Normal
DHT22-Sala1,2025-09-09T16:32:10,23.25,52.3,Normal
DHT22-Sala1,2025-09-09T16:33:10,29.11,62.99,Alerta
DHT22-Sala1,2025-09-09T16:34:10,20.2,51.88,Normal
DHT22-Sala1,2025-09-09T16:35:10,24.85,50.27,Normal
DHT22-Sala1,2025-09-09T16:36:10,22.57,42.66,Normal
DHT22-Sala1,2025-09-09T16:37:10,24.26,57.93,Normal
DHT22-Sala1,2025-09-09T16:38:10,23.62,54.02,Normal
DHT22-Sala1,2025-09-09T16:39:10,23.54,51.92,Normal
DHT22-Sala1,2025-09-09T16:40:10,25.58,43.96,Normal
DHT22-Sala1,2025-09-09T16:41:10,29.52,62.35,Alerta
DHT22-Sala1,2025-09-09T16:42:10,22.89,47.35,Normal
DHT22-Sala1,2025-09-09T16:43:10,22.93,48.44,Normal
DHT22-Sala1,2025-09-09T16:44:10,25.81,52.44,Normal
DHT22-Sala1,2025-09-09T16:45:10,21.92,56.61,Normal
DHT22-Sala1,2025-09-09T16:46:10,22.64,57.08,Normal
DHT22-Sala1,2025-09-09T16:47:10,29.04,67.66,Alerta
DHT22-Sala1,2025-09-09T16:48:10,20.94,51.83,Normal
DHT22-Sala1,2025-09-09T16:49:10,24.33,47.62,Normal
DHT22-Sala1,2025-09-09T16:50:10,25.33,49.89,Normal
DHT22-Sala1,2025-09-09T16:51:10,21.76,49.91,Normal
DHT22-Sala1,2025-09-09T16:52:10,25.6,55.17,Normal
DHT22-Sala1,2025-09-09T16:53:10,17.82,69.35,Alerta
DHT22-Sala1,2025-09-09T16:54:10,22.75,50.97,Normal
DHT22-Sala1,2025-09-09T16:55:10,21.88,45.86,Normal
DHT22-Sala1,2025-09-09T16:56:10,23.23,56.2,Normal
DHT22-Sala1,2025-09-09T16:57:10,23.39,48.86,Normal
DHT22-Sala1,2025-09-09T16:58:10,21.36,55.17,Normal
DHT22-Sala1,2025-09-09T16:59:10,24.66,54.16,Normal
DHT22-Sala1,2025-09-09T17:00:10,25.61,46.66,Normal
DHT22-Sala1,2025-09-09T17:01:10,24.74,54.78,Normal
DHT22-Sala1,2025-09-09T17:02:10,25.5,57.89,Normal
DHT22-Sala1,2025-09-09T17:03:10,25.29,53.91,Normal
DHT22-Sala1,2025-09-09T17:04:10,26.03,48.31,Normal
DHT22-Sala1,2025-09-09T17:05:10,20.69,45.61,Normal
DHT22-Sala1,2025-09-09T17:06:10,22.58,48.31,Normal
DHT22-Sala1,2025-09-09T17:07:10,23.2,54.89,Normal
DHT22-Sala1,2025-09-09T17:08:10,20.46,51.2,Normal
DHT22-Sala1,2025-09-09T17:09:10,23.99,49.16,Normal
DHT22-Sala1,2025-09-09T17:10:10,23.07,51.31,Normal
DHT22-Sala1,2025-09-09T17:11:10,23.07,55.09,Normal
DHT22-Sala1,2025-09-09T17:12:10,22.22,54.81,Normal
DHT22-Sala1,2025-09-09T17:13:10,21.0,51.32,Normal
DHT22-Sala1,2025-09-09T17:14:10,24.8,45.82,Normal
DHT22-Sala1,2025-09-09T17:15:10,21.66,50.18,Normal
DHT22-Sala1,2025-09-09T17:16:10,29.64,38.66,Alerta
DHT22-Sala1,2025-09-09T17:17:10,25.33,42.51,Normal
DHT22-Sala1,2025-09-09T17:18:10,25.66,53.02,Normal
DHT22-Sala1,2025-09-09T17:19:10,22.52,55.0,Normal
DHT22-Sala1,2025-09-09T17:20:10,23.04,56.28,Normal
DHT22-Sala1,2025-09-09T17:21:10,21.11,52.28,Normal
DHT22-Sala1,2025-09-09T17:22:10,27.82,68.68,Alerta
DHT22-Sala1,2025-09-09T17:23:10,23.27,57.85,Normal
DHT22-Sala1,2025-09-09T17:24:10,23.62,50.2,Normal
DHT22-Sala1,2025-09-09T17:25:10,22.31,48.57,Normal
DHT22-Sala1,2025-09-09T17:26:10,24.82,54.56,Normal
DHT22-Sala1,2025-09-09T17:27:10,22.56,56.29,Normal
DHT22-Sala1,2025-09-09T17:28:10,21.94,50.88,Normal
DHT22-Sala1,2025-09-09T17:29:10,21.77,49.36,Normal
DHT22-Sala1,2025-09-09T17:30:10,23.44,53.31,Normal
DHT22-Sala1,2025-09-09T17:31:10,20.61,55.51,Normal
DHT22-Sala1,2025-09-09T17:32:10,24.97,47.77,Normal
DHT22-Sala1,2025-09-09T17:33:10,21.34,44.99,Normal
DHT22-Sala1,2025-09-09T17:34:10,20.21,45.6,Normal
DHT22-Sala1,2025-09-09T17:35:10,25.44,43.29,Normal
DHT22-Sala1,2025-09-09T17:36:10,25.18,55.91,Normal
DHT22-Sala1,2025-09-09T17:37:10,24.38,50.4,Normal
DHT22-Sala1,2025-09-09T17:38:10,25.97,43.61,Normal
DHT22-Sala1,2025-09-09T17:39:10,20.47,57.12,Normal
DHT22-Sala1,2025-09-09T17:40:10,24.39,55.46,Normal
DHT22-Sala1,2025-09-09T17:41:10,29.42,30.48,Alerta
DHT22-Sala1,2025-09-09T17:42:10,22.31,52.38,Normal
DHT22-Sala1,2025-09-09T17:43:10,21.69,44.16,Normal
DHT22-Sala1,2025-09-09T17:44:10,20.67,52.2,Normal
DHT22-Sala1,2025-09-09T17:45:10,21.41,53.07,Normal
DHT22-Sala1,2025-09-09T17:46:10,23.5,56.96,Normal
DHT22-Sala1,2025-09-09T17:47:10,25.43,43.2,Normal
DHT22-Sala1,2025-09-09T17:48:10,26.42,55.55,Normal
DHT22-Sala1,2025-09-09T17:49:10,24.07,47.65,Normal
DHT22-Sala1,2025-09-09T17:50:10,25.01,57.97,Normal
DHT22-Sala1,2025-09-09T17:51:10,20.4,51.53,Normal
DHT22-Sala1,2025-09-09T17:52:10,21.59,47.26,Normal
DHT22-Sala1,2025-09-09T17:53:10,21.19,44.65,Normal
DHT22-Sala1,2025-09-09T17:54:10,25.68,53.1,Normal
DHT22-Sala1,2025-09-09T17:55:10,20.18,50.94,Normal
DHT22-Sala1,2025-09-09T17:56:10,23.88,48.95,Normal
DHT22-Sala1,2025-09-09T17:57:10,29.07,69.58,Alerta
DHT22-Sala1,2025-09-09T17:58:10,28.45,68.22,Alerta
DHT22-Sala1,2025-09-09T17:59:10,21.44,49.22,Normal
DHT22-Sala1,2025-09-09T18:00:10,25.37,52.94,Normal
DHT22-Sala1,2025-09-09T18:01:10,24.22,46.33,Normal
DHT22-Sala1,2025-09-09T18:02:10,20.3,54.59,Normal
DHT22-Sala1,2025-09-09T18:03:10,22.85,45.93,Normal
DHT22-Sala1,2025-09-09T18:04:10,23.82,45.72,Normal
DHT22-Sala1,2025-09-09T18:05:10,24.99,48.02,Normal
DHT22-Sala1,2025-09-09T18:06:10,22.8,55.04,Normal
DHT22-Sala1,2025-09-09T18:07:10,24.93,57.03,Normal
DHT22-Sala1,2025-09-09T18:08:10,22.81,53.96,Normal
DHT22-Sala1,2025-09-09T18:09:10,22.69,50.4,Normal
DHT22-Sala1,2025-09-09T18:10:10,20.68,48.64,Normal
DHT22-Sala1,2025-09-09T18:11:10,22.67,50.91,Normal
DHT22-Sala1,2025-09-09T18:12:10,28.9,60.69,Alerta
DHT22-Sala1,2025-09-09T18:13:10,20.77,45.47,Normal
DHT22-Sala1,2025-09-09T18:14:10,22.61,50.46,Normal
DHT22-Sala1,2025-09-09T18:15:10,21.05,43.5,Normal
DHT22-Sala1,2025-09-09T18:16:10,22.14,50.77,Normal
DHT22-Sala1,2025-09-09T18:17:10,20.16,57.06,Normal
DHT22-Sala1,2025-09-09T18:18:10,20.82,44.34,Normal
DHT22-Sala1,2025-09-09T18:19:10,28.87,30.88,Alerta
DHT22-Sala1,2025-09-09T18:20:10,28.91,64.15,Alerta
DHT22-Sala1,2025-09-09T18:21:10,29.99,66.66,Alerta
DHT22-Sala1,2025-09-09T18:22:10,29.78,67.19,Alerta
DHT22-Sala1,2025-09-09T18:23:10,23.47,52.78,Normal
DHT22-Sala1,2025-09-09T18:24:10,21.01,45.91,Normal
DHT22-Sala1,2025-09-09T18:25:10,20.22,53.34,Normal
DHT22-Sala1,2025-09-09T18:26:10,27.57,61.07,Alerta
DHT22-Sala1,2025-09-09T18:27:10,24.45,51.41,Normal
DHT22-Sala1,2025-09-09T18:28:10,24.53,51.51,Normal
DHT22-Sala1,2025-09-09T18:29:10,23.66,56.11,Normal
DHT22-Sala1,2025-09-09T18:30:10,23.07,47.15,Normal
DHT22-Sala1,2025-09-09T18:31:10,21.59,42.18,Normal
DHT22-Sala1,2025-09-09T18:32:10,29.46,63.19,Alerta
DHT22-Sala1,2025-09-09T18:33:10,22.11,54.77,Normal
DHT22-Sala1,2025-09-09T18:34:10,16.29,61.91,Alerta
DHT22-Sala1,2025-09-09T18:35:10,28.08,60.61,Alerta
DHT22-Sala1,2025-09-09T18:36:10,25.94,54.76,Normal
DHT22-Sala1,2025-09-09T18:37:10,28.82,65.66,Alerta
DHT22-Sala1,2025-09-09T18:38:10,21.84,51.18,Normal
DHT22-Sala1,2025-09-09T18:39:10,23.05,52.41,Normal
DHT22-Sala1,2025-09-09T18:40:10,26.05,50.09,Normal
DHT22-Sala1,2025-09-09T18:41:10,24.25,53.36,Normal
DHT22-Sala1,2025-09-09T18:42:10,25.69,51.82,Normal
DHT22-Sala1,2025-09-09T18:43:10,20.65,51.7,Normal
DHT22-Sala1,2025-09-09T18:44:10,21.57,42.97,Normal
DHT22-Sala1,2025-09-09T18:45:10,21.04,51.77,Normal
DHT22-Sala1,2025-09-09T18:46:10,25.34,46.95,Normal
DHT22-Sala1,2025-09-09T18:47:10,23.66,49.57,Normal
DHT22-Sala1,2025-09-09T18:48:10,21.37,57.67,Normal
DHT22-Sala1,2025-09-09T18:49:10,25.39,51.51,Normal
DHT22-Sala1,2025-09-09T18:50:10,24.85,43.35,Normal
DHT22-Sala1,2025-09-09T18:51:10,23.83,43.77,Normal
DHT22-Sala1,2025-09-09T18:52:10,24.88,46.69,Normal
DHT22-Sala1,2025-09-09T18:53:10,24.95,53.17,Normal
DHT22-Sala1,2025-09-09T18:54:10,24.61,57.17,Normal
DHT22-Sala1,2025-09-09T18:55:10,22.12,45.75,Normal
DHT22-Sala1,2025-09-09T18:56:10,24.83,49.59,Normal
DHT22-Sala1,2025-09-09T18:57:10,22.04,44.26,Normal
DHT22-Sala1,2025-09-09T18:58:10,25.59,51.64,Normal
DHT22-Sala1,2025-09-09T18:59:10,25.13,43.03,Normal
DHT22-Sala1,2025-09-09T19:00:10,21.5,57.77,Normal
DHT22-Sala1,2025-09-09T19:01:10,24.02,42.08,Normal
DHT22-Sala1,2025-09-09T19:02:10,24.13,48.08,Normal
DHT22-Sala1,2025-09-09T19:03:10,28.4,69.77,Alerta
DHT22-Sala1,2025-09-09T19:04:10,24.18,56.7,Normal
DHT22-Sala1,2025-09-09T19:05:10,25.76,43.56,Normal
DHT22-Sala1,2025-09-09T19:06:10,25.09,51.83,Normal
DHT22-Sala1,2025-09-09T19:07:10,24.01,44.43,Normal
DHT22-Sala1,2025-09-09T19:08:10,21.75,51.56,Normal
DHT22-Sala1,2025-09-09T19:09:10,21.59,56.12,Normal
DHT22-Sala1,2025-09-09T19:10:10,22.9,48.56,Normal
DHT22-Sala1,2025-09-09T19:11:10,24.76,49.18,Normal
DHT22-Sala1,2025-09-09T19:12:10,26.27,55.05,Normal
DHT22-Sala1,2025-09-09T19:13:10,25.65,56.51,Normal
DHT22-Sala1,2025-09-09T19:14:10,23.97,51.74,Normal
DHT22-Sala1,2025-09-09T19:15:10,21.44,43.82,Normal
DHT22-Sala1,2025-09-09T19:16:10,25.08,54.18,Normal
DHT22-Sala1,2025-09-09T19:17:10,21.33,49.26,Normal
DHT22-Sala1,2025-09-09T19:18:10,25.97,56.0,Normal
DHT22-Sala1,2025-09-09T19:19:10,17.83,60.95,Alerta
DHT22-Sala1,2025-09-09T19:20:10,22.54,46.12,Normal
DHT22-Sala1,2025-09-09T19:21:10,26.2,45.13,Normal
DHT22-Sala1,2025-09-09T19:22:10,28.96,63.65,Alerta
DHT22-Sala1,2025-09-09T19:23:10,21.21,57.0,Normal
DHT22-Sala1,2025-09-09T19:24:10,21.66,53.38,Normal
DHT22-Sala1,2025-09-09T19:25:10,22.93,52.12,Normal
DHT22-Sala1,2025-09-09T19:26:10,24.38,46.33,Normal
DHT22-Sala1,2025-09-09T19:27:10,21.05,47.32,Normal
DHT22-Sala1,2025-09-09T19:28:10,22.95,45.05,Normal
DHT22-Sala1,2025-09-09T19:29:10,23.52,44.06,Normal
DHT22-Sala1,2025-09-09T19:30:10,26.14,48.83,Normal
DHT22-Sala1,2025-09-09T19:31:10,27.22,67.73,Alerta
DHT22-Sala1,2025-09-09T19:32:10,20.37,54.43,Normal
DHT22-Sala1,2025-09-09T19:33:10,21.97,44.77,Normal
DHT22-Sala1,2025-09-09T19:34:10,29.5,67.48,Alerta
DHT22-Sala1,2025-09-09T19:35:10,25.58,44.94,Normal
DHT22-Sala1,2025-09-09T19:36:10,23.89,47.66,Normal
DHT22-Sala1,2025-09-09T19:37:10,21.21,47.31,Normal
DHT22-Sala1,2025-09-09T19:38:10,20.37,56.66,Normal
DHT22-Sala1,2025-09-09T19:39:10,26.38,57.43,Normal
DHT22-Sala1,2025-09-09T19:40:10,24.65,51.61,Normal
DHT22-Sala1,2025-09-09T19:41:10,20.63,45.02,Normal
DHT22-Sala1,2025-09-09T19:42:10,23.93,57.79,Normal
DHT22-Sala1,2025-09-09T19:43:10,24.62,57.75,Normal
DHT22-Sala1,2025-09-09T19:44:10,20.26,55.87,Normal
DHT22-Sala1,2025-09-09T19:45:10,20.03,50.12,Normal
DHT22-Sala1,2025-09-09T19:46:10,28.53,61.05,Alerta
DHT22-Sala1,2025-09-09T19:47:10,24.73,55.83,Normal
DHT22-Sala1,2025-09-09T19:48:10,21.87,45.12,Normal
DHT22-Sala1,2025-09-09T19:49:10,23.6,53.2,Normal
DHT22-Sala1,2025-09-09T19:50:10,22.52,50.88,Normal
DHT22-Sala1,2025-09-09T19:51:10,21.0,56.91,Normal
DHT22-Sala1,2025-09-09T19:52:10,26.0,56.67,Normal
DHT22-Sala1,2025-09-09T19:53:10,26.03,48.67,Normal
DHT22-Sala1,2025-09-09T19:54:10,20.41,43.75,Normal
DHT22-Sala1,2025-09-09T19:55:10,22.29,53.22,Normal
DHT22-Sala1,2025-09-09T19:56:10,23.84,44.34,Normal
DHT22-Sala1,2025-09-09T19:57:10,22.31,42.21,Normal
DHT22-Sala1,2025-09-09T19:58:10,22.15,46.39,Normal
DHT22-Sala1,2025-09-09T19:59:10,24.94,53.13,Normal
DHT22-Sala1,2025-09-09T20:00:10,25.25,52.83,Normal
DHT22-Sala1,2025-09-09T20:01:10,24.21,49.74,Normal
DHT22-Sala1,2025-09-09T20:02:10,20.73,50.29,Normal
DHT22-Sala1,2025-09-09T20:03:10,21.07,44.12,Normal
DHT22-Sala1,2025-09-09T20:04:10,28.13,69.03,Alerta
DHT22-Sala1,2025-09-09T20:05:10,25.97,46.8,Normal
DHT22-Sala1,2025-09-09T20:06:10,23.62,47.53,Normal
DHT22-Sala1,2025-09-09T20:07:10,25.72,49.56,Normal
DHT22-Sala1,2025-09-09T20:08:10,27.89,60.85,Alerta
DHT22-Sala1,2025-09-09T20:09:10,20.66,46.94,Normal
DHT22-Sala1,2025-09-09T20:10:10,20.28,43.27,Normal
DHT22-Sala1,2025-09-09T20:11:10,20.47,49.63,Normal
DHT22-Sala1,2025-09-09T20:12:10,21.48,45.02,Normal
DHT22-Sala1,2025-09-09T20:13:10,26.19,44.24,Normal
DHT22-Sala1,2025-09-09T20:14:10,28.96,67.19,Alerta
DHT22-Sala1,2025-09-09T20:15:10,23.14,50.53,Normal
DHT22-Sala1,2025-09-09T20:16:10,20.68,52.63,Normal
DHT22-Sala1,2025-09-09T20:17:10,21.79,43.51,Normal
DHT22-Sala1,2025-09-09T20:18:10,24.15,52.06,Normal
DHT22-Sala1,2025-09-09T20:19:10,20.59,48.93,Normal
DHT22-Sala1,2025-09-09T20:20:10,24.68,51.26,Normal
DHT22-Sala1,2025-09-09T20:21:10,23.17,57.46,Normal
DHT22-Sala1,2025-09-09T20:22:10,23.23,49.67,Normal
DHT22-Sala1,2025-09-09T20:23:10,26.13,47.11,Normal
DHT22-Sala1,2025-09-09T20:24:10,26.5,53.5,Normal
DHT22-Sala1,2025-09-09T20:25:10,20.4,42.41,Normal
DHT22-Sala1,2025-09-09T20:26:10,20.47,56.93,Normal
DHT22-Sala1,2025-09-09T20:27:10,28.89,61.11,Alerta
DHT22-Sala1,2025-09-09T20:28:10,20.66,43.37,Normal
DHT22-Sala1,2025-09-09T20:29:10,20.08,48.94,Normal
DHT22-Sala1,2025-09-09T20:30:10,25.21,51.67,Normal
DHT22-Sala1,2025-09-09T20:31:10,22.64,55.58,Normal
DHT22-Sala1,2025-09-09T20:32:10,21.45,57.11,Normal
DHT22-Sala1,2025-09-09T20:33:10,20.17,45.88,Normal
DHT22-Sala1,2025-09-09T20:34:10,22.28,50.39,Normal
DHT22-Sala1,2025-09-09T20:35:10,21.9,50.33,Normal
DHT22-Sala1,2025-09-09T20:36:10,25.34,44.52,Normal
DHT22-Sala1,2025-09-09T20:37:10,23.27,52.75,Normal
DHT22-Sala1,2025-09-09T20:38:10,23.83,54.38,Normal
DHT22-Sala1,2025-09-09T20:39:10,20.21,43.86,Normal
DHT22-Sala1,2025-09-09T20:40:10,22.14,49.93,Normal
DHT22-Sala1,2025-09-09T20:41:10,23.64,49.69,Normal
DHT22-Sala1,2025-09-09T20:42:10,24.34,47.09,Normal
DHT22-Sala1,2025-09-09T20:43:10,23.8,51.54,Normal
DHT22-Sala1,2025-09-09T20:44:10,22.15,53.1,Normal
DHT22-Sala1,2025-09-09T20:45:10,20.88,49.06,Normal
DHT22-Sala1,2025-09-09T20:46:10,20.24,55.68,Normal
DHT22-Sala1,2025-09-09T20:47:10,23.3,48.79,Normal
DHT22-Sala1,2025-09-09T20:48:10,25.95,49.28,Normal
DHT22-Sala1,2025-09-09T20:49:10,29.61,35.51,Alerta
DHT22-Sala1,2025-09-09T20:50:10,24.45,50.78,Normal
DHT22-Sala1,2025-09-09T20:51:10,27.88,67.14,Alerta
DHT22-Sala1,2025-09-09T20:52:10,29.25,30.74,Alerta
DHT22-Sala1,2025-09-09T20:53:10,24.5,52.37,Normal
DHT22-Sala1,2025-09-09T20:54:10,25.42,50.37,Normal
DHT22-Sala1,2025-09-09T20:55:10,17.54,62.89,Alerta
DHT22-Sala1,2025-09-09T20:56:10,20.66,52.54,Normal
DHT22-Sala1,2025-09-09T20:57:10,23.32,42.87,Normal
DHT22-Sala1,2025-09-09T20:58:10,21.51,51.92,Normal
DHT22-Sala1,2025-09-09T20:59:10,20.37,55.6,Normal
DHT22-Sala1,2025-09-09T21:00:10,22.22,52.54,Normal
DHT22-Sala1,2025-09-09T21:01:10,21.0,50.46,Normal
DHT22-Sala1,2025-09-09T21:02:10,25.71,56.79,Normal
DHT22-Sala1,2025-09-09T21:03:10,23.66,50.92,Normal
DHT22-Sala1,2025-09-09T21:04:10,27.32,63.62,Alerta
DHT22-Sala1,2025-09-09T21:05:10,20.05,51.54,Normal
DHT22-Sala1,2025-09-09T21:06:10,21.22,42.65,Normal
DHT22-Sala1,2025-09-09T21:07:10,25.71,47.39,Normal
DHT22-Sala1,2025-09-09T21:08:10,24.92,47.25,Normal
DHT22-Sala1,2025-09-09T21:09:10,24.5,50.95,Normal
DHT22-Sala1,2025-09-09T21:10:10,20.23,57.85,Normal
DHT22-Sala1,2025-09-09T21:11:10,26.09,56.44,Normal
DHT22-Sala1,2025-09-09T21:12:10,25.15,49.22,Normal
DHT22-Sala1,2025-09-09T21:13:10,20.04,46.61,Normal
DHT22-Sala1,2025-09-09T21:14:10,25.15,51.92,Normal
DHT22-Sala1,2025-09-09T21:15:10,22.02,57.47,Normal
DHT22-Sala1,2025-09-09T21:16:10,22.91,50.84,Normal
DHT22-Sala1,2025-09-09T21:17:10,23.59,48.92,Normal
DHT22-Sala1,2025-09-09T21:18:10,25.91,56.91,Normal
DHT22-Sala1,2025-09-09T21:19:10,22.87,53.28,Normal
DHT22-Sala1,2025-09-09T21:20:10,23.66,53.2,Normal
DHT22-Sala1,2025-09-09T21:21:10,24.4,53.94,Normal
DHT22-Sala1,2025-09-09T21:22:10,23.24,51.41,Normal
DHT22-Sala1,2025-09-09T21:23:10,25.56,51.76,Normal
DHT22-Sala1,2025-09-09T21:24:10,25.31,53.47,Normal
DHT22-Sala1,2025-09-09T21:25:10,22.55,55.67,Normal
DHT22-Sala1,2025-09-09T21:26:10,23.71,42.01,Normal
DHT22-Sala1,2025-09-09T21:27:10,24.67,51.07,Normal
DHT22-Sala1,2025-09-09T21:28:10,25.26,52.9,Normal
DHT22-Sala1,2025-09-09T21:29:10,26.23,53.32,Normal
DHT22-Sala1,2025-09-09T21:30:10,17.75,66.29,Alerta
DHT22-Sala1,2025-09-09T21:31:10,23.53,54.25,Normal
DHT22-Sala1,2025-09-09T21:32:10,25.64,43.75,Normal
DHT22-Sala1,2025-09-09T21:33:10,23.29,48.92,Normal
DHT22-Sala1,2025-09-09T21:34:10,21.0,55.4,Normal
DHT22-Sala1,2025-09-09T21:35:10,20.32,42.26,Normal
DHT22-Sala1,2025-09-09T21:36:10,21.07,53.28,Normal
DHT22-Sala1,2025-09-09T21:37:10,21.48,51.47,Normal
DHT22-Sala1,2025-09-09T21:38:10,21.97,56.22,Normal
DHT22-Sala1,2025-09-09T21:39:10,25.76,45.6,Normal
DHT22-Sala1,2025-09-09T21:40:10,23.06,49.68,Normal
DHT22-Sala1,2025-09-09T21:41:10,29.57,35.48,Alerta
DHT22-Sala1,2025-09-09T21:42:10,23.37,46.68,Normal
DHT22-Sala1,2025-09-09T21:43:10,23.24,56.81,Normal
DHT22-Sala1,2025-09-09T21:44:10,23.34,53.38,Normal
DHT22-Sala1,2025-09-09T21:45:10,25.88,44.95,Normal
DHT22-Sala1,2025-09-09T21:46:10,17.64,68.45,Alerta
DHT22-Sala1,2025-09-09T21:47:10,24.95,44.25,Normal
DHT22-Sala1,2025-09-09T21:48:10,22.9,47.16,Normal
DHT22-Sala1,2025-09-09T21:49:10,25.33,46.11,Normal
DHT22-Sala1,2025-09-09T21:50:10,20.48,54.25,Normal
DHT22-Sala1,2025-09-09T21:51:10,22.61,53.56,Normal
DHT22-Sala1,2025-09-09T21:52:10,16.74,67.9,Alerta
DHT22-Sala1,2025-09-09T21:53:10,25.23,47.25,Normal
DHT22-Sala1,2025-09-09T21:54:10,20.56,42.71,Normal
DHT22-Sala1,2025-09-09T21:55:10,17.68,34.34,Alerta
DHT22-Sala1,2025-09-09T21:56:10,20.85,50.02,Normal
DHT22-Sala1,2025-09-09T21:57:10,26.08,42.06,Normal
DHT22-Sala1,2025-09-09T21:58:10,21.6,45.18,Normal
DHT22-Sala1,2025-09-09T21:59:10,24.26,47.24,Normal
DHT22-Sala1,2025-09-09T22:00:10,25.79,51.64,Normal
DHT22-Sala1,2025-09-09T22:01:10,22.38,44.56,Normal
DHT22-Sala1,2025-09-09T22:02:10,26.27,51.95,Normal
DHT22-Sala1,2025-09-09T22:03:10,22.93,55.37,Normal
DHT22-Sala1,2025-09-09T22:04:10,23.64,56.16,Normal
DHT22-Sala1,2025-09-09T22:05:10,24.18,45.04,Normal
DHT22-Sala1,2025-09-09T22:06:10,26.27,51.58,Normal
DHT22-Sala1,2025-09-09T22:07:10,23.83,42.99,Normal
DHT22-Sala1,2025-09-09T22:08:10,21.41,54.87,Normal
DHT22-Sala1,2025-09-09T22:09:10,21.8,42.48,Normal
DHT22-Sala1,2025-09-09T22:10:10,21.15,42.83,Normal
DHT22-Sala1,2025-09-09T22:11:10,22.28,48.23,Normal
DHT22-Sala1,2025-09-09T22:12:10,25.58,46.76,Normal
DHT22-Sala1,2025-09-09T22:13:10,22.01,45.25,Normal
DHT22-Sala1,2025-09-09T22:14:10,20.54,44.54,Normal
DHT22-Sala1,2025-09-09T22:15:10,25.72,42.92,Normal
DHT22-Sala1,2025-09-09T22:16:10,25.9,56.24,Normal
DHT22-Sala1,2025-09-09T22:17:10,21.56,48.72,Normal
DHT22-Sala1,2025-09-09T22:18:10,20.84,48.08,Normal
DHT22-Sala1,2025-09-09T22:19:10,22.34,51.77,Normal
DHT22-Sala1,2025-09-09T22:20:10,22.25,54.65,Normal
DHT22-Sala1,2025-09-09T22:21:10,22.09,51.14,Normal
DHT22-Sala1,2025-09-09T22:22:10,20.35,53.81,Normal
DHT22-Sala1,2025-09-09T22:23:10,22.77,49.79,Normal
DHT22-Sala1,2025-09-09T22:24:10,20.61,47.57,Normal
DHT22-Sala1,2025-09-09T22:25:10,28.21,66.2,Alerta
DHT22-Sala1,2025-09-09T22:26:10,23.53,54.03,Normal
DHT22-Sala1,2025-09-09T22:27:10,21.95,42.76,Normal
DHT22-Sala1,2025-09-09T22:28:10,22.8,56.13,Normal
DHT22-Sala1,2025-09-09T22:29:10,23.73,52.95,Normal
DHT22-Sala1,2025-09-09T22:30:10,21.0,47.3,Normal
DHT22-Sala1,2025-09-09T22:31:10,22.85,53.75,Normal
DHT22-Sala1,2025-09-09T22:32:10,24.93,57.88,Normal
DHT22-Sala1,2025-09-09T22:33:10,25.54,55.32,Normal
DHT22-Sala1,2025-09-09T22:34:10,25.21,56.95,Normal
DHT22-Sala1,2025-09-09T22:35:10,24.15,50.24,Normal
DHT22-Sala1,2025-09-09T22:36:10,22.8,55.12,Normal
DHT22-Sala1,2025-09-09T22:37:10,26.25,45.98,Normal
DHT22-Sala1,2025-09-09T22:38:10,24.92,56.98,Normal
DHT22-Sala1,2025-09-09T22:39:10,28.78,69.76,Alerta
DHT22-Sala1,2025-09-09T22:40:10,24.71,54.73,Normal
DHT22-Sala1,2025-09-09T22:41:10,21.37,45.02,Normal
DHT22-Sala1,2025-09-09T22:42:10,23.32,43.44,Normal
DHT22-Sala1,2025-09-09T22:43:10,21.63,56.02,Normal
DHT22-Sala1,2025-09-09T22:44:10,21.3,43.36,Normal
DHT22-Sala1,2025-09-09T22:45:10,22.93,54.02,Normal
DHT22-Sala1,2025-09-09T22:46:10,22.23,46.19,Normal
DHT22-Sala1,2025-09-09T22:47:10,26.03,44.64,Normal
DHT22-Sala1,2025-09-09T22:48:10,27.36,61.05,Alerta
DHT22-Sala1,2025-09-09T22:49:10,23.33,47.39,Normal
DHT22-Sala1,2025-09-09T22:50:10,24.1,57.04,Normal
DHT22-Sala1,2025-09-09T22:51:10,29.47,65.17,Alerta
DHT22-Sala1,2025-09-09T22:52:10,20.51,54.13,Normal
DHT22-Sala1,2025-09-09T22:53:10,29.52,32.24,Alerta
DHT22-Sala1,2025-09-09T22:54:10,26.03,57.36,Normal
DHT22-Sala1,2025-09-09T22:55:10,22.27,53.17,Normal
DHT22-Sala1,2025-09-09T22:56:10,22.11,42.37,Normal
DHT22-Sala1,2025-09-09T22:57:10,23.66,52.45,Normal
DHT22-Sala1,2025-09-09T22:58:10,25.06,48.64,Normal
DHT22-Sala1,2025-09-09T22:59:10,20.1,45.31,Normal
DHT22-Sala1,2025-09-09T23:00:10,21.16,42.32,Normal
DHT22-Sala1,2025-09-09T23:01:10,24.33,52.07,Normal
DHT22-Sala1,2025-09-09T23:02:10,28.75,65.86,Alerta
DHT22-Sala1,2025-09-09T23:03:10,22.8,48.24,Normal
DHT22-Sala1,2025-09-09T23:04:10,21.82,52.97,Normal
DHT22-Sala1,2025-09-09T23:05:10,25.0,52.04,Normal
DHT22-Sala1,2025-09-09T23:06:10,20.2,53.57,Normal
DHT22-Sala1,2025-09-09T23:07:10,21.76,47.25,Normal
DHT22-Sala1,2025-09-09T23:08:10,28.48,64.43,Alerta
DHT22-Sala1,2025-09-09T23:09:10,21.89,49.04,Normal
DHT22-Externo,2025-09-09T13:10:10,20.26,54.72,Normal
DHT22-Externo,2025-09-09T13:11:10,24.44,52.28,Normal
DHT22-Externo,2025-09-09T13:12:10,23.95,57.35,Normal
DHT22-Externo,2025-09-09T13:13:10,24.76,53.29,Normal
DHT22-Externo,2025-09-09T13:14:10,21.84,48.78,Normal
DHT22-Externo,2025-09-09T13:15:10,22.38,48.26,Normal
DHT22-Externo,2025-09-09T13:16:10,21.43,54.87,Normal
DHT22-Externo,2025-09-09T13:17:10,24.59,43.3,Normal
DHT22-Externo,2025-09-09T13:18:10,20.18,52.81,Normal
DHT22-Externo,2025-09-09T13:19:10,26.17,47.19,Normal
DHT22-Externo,2025-09-09T13:20:10,21.67,51.92,Normal
DHT22-Externo,2025-09-09T13:21:10,22.41,45.26,Normal
DHT22-Externo,2025-09-09T13:22:10,20.78,57.98,Normal
DHT22-Externo,2025-09-09T13:23:10,20.01,57.25,Normal
DHT22-Externo,2025-09-09T13:24:10,22.72,53.48,Normal
DHT22-Externo,2025-09-09T13:25:10,28.44,30.39,Alerta
DHT22-Externo,2025-09-09T13:26:10,17.76,61.85,Alerta
DHT22-Externo,2025-09-09T13:27:10,23.35,50.37,Normal
DHT22-Externo,2025-09-09T13:28:10,28.0,61.77,Alerta
DHT22-Externo,2025-09-09T13:29:10,20.93,54.96,Normal
DHT22-Externo,2025-09-09T13:30:10,23.45,47.99,Normal
DHT22-Externo,2025-09-09T13:31:10,25.28,56.1,Normal
DHT22-Externo,2025-09-09T13:32:10,25.33,50.18,Normal
DHT22-Externo,2025-09-09T13:33:10,25.63,48.18,Normal
DHT22-Externo,2025-09-09T13:34:10,21.98,50.3,Normal
DHT22-Externo,2025-09-09T13:35:10,24.29,48.89,Normal
DHT22-Externo,2025-09-09T13:36:10,25.63,47.54,Normal
DHT22-Externo,2025-09-09T13:37:10,28.72,68.37,Alerta
DHT22-Externo,2025-09-09T13:38:10,25.91,50.5,Normal
DHT22-Externo,2025-09-09T13:39:10,23.32,42.58,Normal
DHT22-Externo,2025-09-09T13:40:10,21.71,47.48,Normal
DHT22-Externo,2025-09-09T13:41:10,23.24,43.49,Normal
DHT22-Externo,2025-09-09T13:42:10,21.21,45.05,Normal
DHT22-Externo,2025-09-09T13:43:10,21.16,56.11,Normal
DHT22-Externo,2025-09-09T13:44:10,20.59,56.01,Normal
DHT22-Externo,2025-09-09T13:45:10,22.77,57.34,Normal
DHT22-Externo,2025-09-09T13:46:10,27.3,69.9,Alerta
DHT22-Externo,2025-09-09T13:47:10,28.25,61.73,Alerta
DHT22-Externo,2025-09-09T13:48:10,21.78,47.52,Normal
DHT22-Externo,2025-09-09T13:49:10,23.24,44.53,Normal
DHT22-Externo,2025-09-09T13:50:10,20.93,57.26,Normal
DHT22-Externo,2025-09-09T13:51:10,23.39,45.15,Normal
DHT22-Externo,2025-09-09T13:52:10,21.32,42.88,Normal
DHT22-Externo,2025-09-09T13:53:10,23.21,52.43,Normal
DHT22-Externo,2025-09-09T13:54:10,22.87,51.3,Normal
DHT22-Externo,2025-09-09T13:55:10,22.42,43.15,Normal
DHT22-Externo,2025-09-09T13:56:10,23.03,57.85,Normal
DHT22-Externo,2025-09-09T13:57:10,16.8,63.57,Alerta
DHT22-Externo,2025-09-09T13:58:10,20.09,43.52,Normal
DHT22-Externo,2025-09-09T13:59:10,22.21,44.89,Normal
DHT22-Externo,2025-09-09T14:00:10,22.32,55.63,Normal
DHT22-Externo,2025-09-09T14:01:10,23.5,44.95,Normal
DHT22-Externo,2025-09-09T14:02:10,20.99,44.59,Normal
DHT22-Externo,2025-09-09T14:03:10,21.71,44.76,Normal
DHT22-Externo,2025-09-09T14:04:10,28.74,62.88,Alerta
DHT22-Externo,2025-09-09T14:05:10,20.57,53.54,Normal
DHT22-Externo,2025-09-09T14:06:10,21.26,47.04,Normal
DHT22-Externo,2025-09-09T14:07:10,29.85,66.8,Alerta
DHT22-Externo,2025-09-09T14:08:10,25.88,50.17,Normal
DHT22-Externo,2025-09-09T14:09:10,24.16,50.74,Normal
DHT22-Externo,2025-09-09T14:10:10,22.55,47.01,Normal
DHT22-Externo,2025-09-09T14:11:10,22.46,55.14,Normal
DHT22-Externo,2025-09-09T14:12:10,24.9,44.16,Normal
DHT22-Externo,2025-09-09T14:13:10,27.85,63.02,Alerta
DHT22-Externo,2025-09-09T14:14:10,24.66,57.19,Normal
DHT22-Externo,2025-09-09T14:15:10,23.56,49.18,Normal
DHT22-Externo,2025-09-09T14:16:10,25.52,46.69,Normal
DHT22-Externo,2025-09-09T14:17:10,29.42,36.97,Alerta
DHT22-Externo,2025-09-09T14:18:10,23.81,43.9,Normal
DHT22-Externo,2025-09-09T14:19:10,21.83,53.12,Normal
DHT22-Externo,2025-09-09T14:20:10,28.24,64.49,Alerta
DHT22-Externo,2025-09-09T14:21:10,20.19,48.51,Normal
DHT22-Externo,2025-09-09T14:22:10,23.73,44.5,Normal
DHT22-Externo,2025-09-09T14:23:10,22.4,46.39,Normal
DHT22-Externo,2025-09-09T14:24:10,22.01,50.64,Normal
DHT22-Externo,2025-09-09T14:25:10,28.89,62.19,Alerta
DHT22-Externo,2025-09-09T14:26:10,24.97,55.37,Normal
DHT22-Externo,2025-09-09T14:27:10,21.43,47.17,Normal
DHT22-Externo,2025-09-09T14:28:10,24.04,52.99,Normal
DHT22-Externo,2025-09-09T14:29:10,29.01,63.41,Alerta
DHT22-Externo,2025-09-09T14:30:10,29.16,69.2,Alerta
DHT22-Externo,2025-09-09T14:31:10,22.09,55.24,Normal
DHT22-Externo,2025-09-09T14:32:10,23.25,54.29,Normal
DHT22-Externo,2025-09-09T14:33:10,23.83,55.84,Normal
DHT22-Externo,2025-09-09T14:34:10,23.14,57.22,Normal
DHT22-Externo,2025-09-09T14:35:10,25.77,48.16,Normal
DHT22-Externo,2025-09-09T14:36:10,28.6,68.09,Alerta
DHT22-Externo,2025-09-09T14:37:10,28.92,65.35,Alerta
DHT22-Externo,2025-09-09T14:38:10,20.13,50.05,Normal
DHT22-Externo,2025-09-09T14:39:10,24.61,54.73,Normal
DHT22-Externo,2025-09-09T14:40:10,23.44,42.54,Normal
DHT22-Externo,2025-09-09T14:41:10,23.08,46.08,Normal
DHT22-Externo,2025-09-09T14:42:10,24.49,48.96,Normal
DHT22-Externo,2025-09-09T14:43:10,21.62,50.61,Normal
DHT22-Externo,2025-09-09T14:44:10,23.08,51.29,Normal
DHT22-Externo,2025-09-09T14:45:10,25.9,43.14,Normal
DHT22-Externo,2025-09-09T14:46:10,21.35,50.38,Normal
DHT22-Externo,2025-09-09T14:47:10,25.59,48.34,Normal
DHT22-Externo,2025-09-09T14:48:10,21.62,42.31,Normal
DHT22-Externo,2025-09-09T14:49:10,23.49,49.35,Normal
DHT22-Externo,2025-09-09T14:50:10,29.99,68.0,Alerta
DHT22-Externo,2025-09-09T14:51:10,23.98,57.77,Normal
DHT22-Externo,2025-09-09T14:52:10,25.84,53.61,Normal
DHT22-Externo,2025-09-09T14:53:10,24.55,49.75,Normal
DHT22-Externo,2025-09-09T14:54:10,16.2,61.16,Alerta
DHT22-Externo,2025-09-09T14:55:10,20.53,53.58,Normal
DHT22-Externo,2025-09-09T14:56:10,25.43,46.48,Normal
DHT22-Externo,2025-09-09T14:57:10,20.76,56.15,Normal
DHT22-Externo,2025-09-09T14:58:10,20.67,45.28,Normal
DHT22-Externo,2025-09-09T14:59:10,20.69,51.83,Normal
DHT22-Externo,2025-09-09T15:00:10,24.88,45.04,Normal
DHT22-Externo,2025-09-09T15:01:10,22.92,45.24,Normal
DHT22-Externo,2025-09-09T15:02:10,22.32,49.19,Normal
DHT22-Externo,2025-09-09T15:03:10,23.69,44.97,Normal
DHT22-Externo,2025-09-09T15:04:10,20.46,57.61,Normal
DHT22-Externo,2025-09-09T15:05:10,21.18,42.23,Normal
DHT22-Externo,2025-09-09T15:06:10,20.99,45.49,Normal
DHT22-Externo,2025-09-09T15:07:10,23.92,44.82,Normal
DHT22-Externo,2025-09-09T15:08:10,21.66,57.62,Normal
DHT22-Externo,2025-09-09T15:09:10,24.76,54.37,Normal
DHT22-Externo,2025-09-09T15:10:10,21.12,48.15,Normal
DHT22-Externo,2025-09-09T15:11:10,23.49,52.48,Normal
DHT22-Externo,2025-09-09T15:12:10,25.38,49.62,Normal
DHT22-Externo,2025-09-09T15:13:10,24.67,46.21,Normal
DHT22-Externo,2025-09-09T15:14:10,20.14,45.13,Normal
DHT22-Externo,2025-09-09T15:15:10,22.21,44.4,Normal
DHT22-Externo,2025-09-09T15:16:10,23.45,55.54,Normal
DHT22-Externo,2025-09-09T15:17:10,20.2,49.44,Normal
DHT22-Externo,2025-09-09T15:18:10,29.88,32.8,Alerta
DHT22-Externo,2025-09-09T15:19:10,24.46,50.19,Normal
DHT22-Externo,2025-09-09T15:20:10,25.3,54.69,Normal
DHT22-Externo,2025-09-09T15:21:10,26.49,49.66,Normal
DHT22-Externo,2025-09-09T15:22:10,25.61,45.39,Normal
DHT22-Externo,2025-09-09T15:23:10,22.63,55.71,Normal
DHT22-Externo,2025-09-09T15:24:10,24.55,42.12,Normal
DHT22-Externo,2025-09-09T15:25:10,24.0,44.08,Normal
DHT22-Externo,2025-09-09T15:26:10,21.02,56.56,Normal
DHT22-Externo,2025-09-09T15:27:10,26.46,51.68,Normal
DHT22-Externo,2025-09-09T15:28:10,20.42,43.2,Normal
DHT22-Externo,2025-09-09T15:29:10,25.26,48.45,Normal
DHT22-Externo,2025-09-09T15:30:10,23.83,50.53,Normal
DHT22-Externo,2025-09-09T15:31:10,23.07,53.42,Normal
DHT22-Externo,2025-09-09T15:32:10,27.14,65.76,Alerta
DHT22-Externo,2025-09-09T15:33:10,26.11,52.04,Normal
DHT22-Externo,2025-09-09T15:34:10,25.19,46.14,Normal
DHT22-Externo,2025-09-09T15:35:10,20.02,51.91,Normal
DHT22-Externo,2025-09-09T15:36:10,29.58,68.33,Alerta
DHT22-Externo,2025-09-09T15:37:10,24.02,42.94,Normal
DHT22-Externo,2025-09-09T15:38:10,23.58,42.94,Normal
DHT22-Externo,2025-09-09T15:39:10,25.46,56.73,Normal
DHT22-Externo,2025-09-09T15:40:10,26.11,43.08,Normal
DHT22-Externo,2025-09-09T15:41:10,25.46,43.12,Normal
DHT22-Externo,2025-09-09T15:42:10,20.16,50.18,Normal
DHT22-Externo,2025-09-09T15:43:10,20.83,43.99,Normal
DHT22-Externo,2025-09-09T15:44:10,21.52,53.68,Normal
DHT22-Externo,2025-09-09T15:45:10,29.64,68.41,Alerta
DHT22-Externo,2025-09-09T15:46:10,20.44,52.5,Normal
DHT22-Externo,2025-09-09T15:47:10,25.8,53.06,Normal
DHT22-Externo,2025-09-09T15:48:10,28.51,62.81,Alerta
DHT22-Externo,2025-09-09T15:49:10,24.29,57.66,Normal
DHT22-Externo,2025-09-09T15:50:10,20.77,49.61,Normal
DHT22-Externo,2025-09-09T15:51:10,20.95,48.91,Normal
DHT22-Externo,2025-09-09T15:52:10,20.77,50.19,Normal
DHT22-Externo,2025-09-09T15:53:10,23.84,44.72,Normal
DHT22-Externo,2025-09-09T15:54:10,21.27,56.34,Normal
DHT22-Externo,2025-09-09T15:55:10,23.39,47.12,Normal
DHT22-Externo,2025-09-09T15:56:10,23.07,55.47,Normal
DHT22-Externo,2025-09-09T15:57:10,27.55,66.03,Alerta
DHT22-Externo,2025-09-09T15:58:10,24.94,50.3,Normal
DHT22-Externo,2025-09-09T15:59:10,22.34,49.03,Normal
DHT22-Externo,2025-09-09T16:00:10,24.92,44.51,Normal
DHT22-Externo,2025-09-09T16:01:10,25.19,53.95,Normal
DHT22-Externo,2025-09-09T16:02:10,21.78,49.49,Normal
DHT22-Externo,2025-09-09T16:03:10,25.97,48.01,Normal
DHT22-Externo,2025-09-09T16:04:10,21.06,47.94,Normal
DHT22-Externo,2025-09-09T16:05:10,24.83,44.41,Normal
DHT22-Externo,2025-09-09T16:06:10,25.04,50.56,Normal
DHT22-Externo,2025-09-09T16:07:10,20.01,50.17,Normal
DHT22-Externo,2025-09-09T16:08:10,21.17,51.82,Normal
DHT22-Externo,2025-09-09T16:09:10,23.85,48.07,Normal
DHT22-Externo,2025-09-09T16:10:10,20.9,45.79,Normal
DHT22-Externo,2025-09-09T16:11:10,22.0,56.43,Normal
DHT22-Externo,2025-09-09T16:12:10,22.42,51.21,Normal
DHT22-Externo,2025-09-09T16:13:10,25.39,45.78,Normal
DHT22-Externo,2025-09-09T16:14:10,21.96,42.65,Normal
DHT22-Externo,2025-09-09T16:15:10,25.71,56.59,Normal
DHT22-Externo,2025-09-09T16:16:10,22.98,48.1,Normal
DHT22-Externo,2025-09-09T16:17:10,23.61,42.32,Normal
DHT22-Externo,2025-09-09T16:18:10,26.33,52.45,Normal
DHT22-Externo,2025-09-09T16:19:10,23.43,47.35,Normal
DHT22-Externo,2025-09-09T16:20:10,23.8,42.72,Normal
DHT22-Externo,2025-09-09T16:21:10,22.74,48.64,Normal
DHT22-Externo,2025-09-09T16:22:10,26.3,44.8,Normal
DHT22-Externo,2025-09-09T16:23:10,21.08,52.54,Normal
DHT22-Externo,2025-09-09T16:24:10,29.73,66.66,Alerta
DHT22-Externo,2025-09-09T16:25:10,23.22,52.47,Normal
DHT22-Externo,2025-09-09T16:26:10,21.55,55.26,Normal
DHT22-Externo,2025-09-09T16:27:10,28.94,62.79,Alerta
DHT22-Externo,2025-09-09T16:28:10,21.82,54.41,Normal
DHT22-Externo,2025-09-09T16:29:10,21.87,50.54,Normal
DHT22-Externo,2025-09-09T16:30:10,25.53,57.94,Normal
DHT22-Externo,2025-09-09T16:31:10,21.76,47.72,Normal
DHT22-Externo,2025-09-09T16:32:10,23.21,55.7,Normal
DHT22-Externo,2025-09-09T16:33:10,20.12,49.28,Normal
DHT22-Externo,2025-09-09T16:34:10,22.99,44.09,Normal
DHT22-Externo,2025-09-09T16:35:10,22.68,45.0,Normal
DHT22-Externo,2025-09-09T16:36:10,22.09,51.42,Normal
DHT22-Externo,2025-09-09T16:37:10,25.7,43.95,Normal
DHT22-Externo,2025-09-09T16:38:10,21.95,48.9,Normal
DHT22-Externo,2025-09-09T16:39:10,24.96,45.92,Normal
DHT22-Externo,2025-09-09T16:40:10,22.69,54.37,Normal
DHT22-Externo,2025-09-09T16:41:10,24.77,50.93,Normal
DHT22-Externo,2025-09-09T16:42:10,24.43,45.75,Normal
DHT22-Externo,2025-09-09T16:43:10,25.01,47.07,Normal
DHT22-Externo,2025-09-09T16:44:10,23.13,50.05,Normal
DHT22-Externo,2025-09-09T16:45:10,24.33,55.85,Normal
DHT22-Externo,2025-09-09T16:46:10,22.38,42.78,Normal
DHT22-Externo,2025-09-09T16:47:10,26.43,49.9,Normal
DHT22-Externo,2025-09-09T16:48:10,21.79,57.68,Normal
DHT22-Externo,2025-09-09T16:49:10,24.72,46.54,Normal
DHT22-Externo,2025-09-09T16:50:10,24.44,42.03,Normal
DHT22-Externo,2025-09-09T16:51:10,21.63,53.94,Normal
DHT22-Externo,2025-09-09T16:52:10,24.71,42.39,Normal
DHT22-Externo,2025-09-09T16:53:10,26.44,45.88,Normal
DHT22-Externo,2025-09-09T16:54:10,25.29,44.57,Normal
DHT22-Externo,2025-09-09T16:55:10,24.91,42.59,Normal
DHT22-Externo,2025-09-09T16:56:10,23.74,46.86,Normal
DHT22-Externo,2025-09-09T16:57:10,21.06,47.83,Normal
DHT22-Externo,2025-09-09T16:58:10,21.24,55.14,Normal
DHT22-Externo,2025-09-09T16:59:10,23.18,43.21,Normal
DHT22-Externo,2025-09-09T17:00:10,25.14,55.6,Normal
DHT22-Externo,2025-09-09T17:01:10,29.33,69.17,Alerta
DHT22-Externo,2025-09-09T17:02:10,25.74,45.77,Normal
DHT22-Externo,2025-09-09T17:03:10,24.74,45.24,Normal
DHT22-Externo,2025-09-09T17:04:10,26.36,48.95,Normal
DHT22-Externo,2025-09-09T17:05:10,22.15,48.36,Normal
DHT22-Externo,2025-09-09T17:06:10,26.0,57.79,Normal
DHT22-Externo,2025-09-09T17:07:10,24.55,47.15,Normal
DHT22-Externo,2025-09-09T17:08:10,21.42,43.7,Normal
DHT22-Externo,2025-09-09T17:09:10,16.58,64.94,Alerta
DHT22-Externo,2025-09-09T17:10:10,21.86,44.18,Normal
DHT22-Externo,2025-09-09T17:11:10,22.9,50.19,Normal
DHT22-Externo,2025-09-09T17:12:10,26.1,52.22,Normal
DHT22-Externo,2025-09-09T17:13:10,20.71,51.97,Normal
DHT22-Externo,2025-09-09T17:14:10,22.15,45.12,Normal
DHT22-Externo,2025-09-09T17:15:10,21.77,49.16,Normal
DHT22-Externo,2025-09-09T17:16:10,21.76,52.38,Normal
DHT22-Externo,2025-09-09T17:17:10,22.21,53.04,Normal
DHT22-Externo,2025-09-09T17:18:10,21.44,45.21,Normal
DHT22-Externo,2025-09-09T17:19:10,23.08,42.62,Normal
DHT22-Externo,2025-09-09T17:20:10,26.47,56.69,Normal
DHT22-Externo,2025-09-09T17:21:10,22.02,49.42,Normal
DHT22-Externo,2025-09-09T17:22:10,25.22,44.02,Normal
DHT22-Externo,2025-09-09T17:23:10,22.71,55.92,Normal
DHT22-Externo,2025-09-09T17:24:10,20.7,51.19,Normal
DHT22-Externo,2025-09-09T17:25:10,24.46,56.66,Normal
DHT22-Externo,2025-09-09T17:26:10,20.54,51.27,Normal
DHT22-Externo,2025-09-09T17:27:10,25.27,47.45,Normal
DHT22-Externo,2025-09-09T17:28:10,21.78,44.52,Normal
DHT22-Externo,2025-09-09T17:29:10,20.23,46.5,Normal
DHT22-Externo,2025-09-09T17:30:10,20.92,43.78,Normal
DHT22-Externo,2025-09-09T17:31:10,20.5,55.99,Normal
DHT22-Externo,2025-09-09T17:32:10,29.3,69.97,Alerta
DHT22-Externo,2025-09-09T17:33:10,21.86,49.25,Normal
DHT22-Externo,2025-09-09T17:34:10,24.74,49.55,Normal
DHT22-Externo,2025-09-09T17:35:10,24.73,55.67,Normal
DHT22-Externo,2025-09-09T17:36:10,24.35,48.4,Normal
DHT22-Externo,2025-09-09T17:37:10,23.41,54.41,Normal
DHT22-Externo,2025-09-09T17:38:10,28.09,61.77,Alerta
DHT22-Externo,2025-09-09T17:39:10,20.56,48.85,Normal
DHT22-Externo,2025-09-09T17:40:10,22.25,54.7,Normal
DHT22-Externo,2025-09-09T17:41:10,23.98,56.42,Normal
DHT22-Externo,2025-09-09T17:42:10,21.26,47.52,Normal
DHT22-Externo,2025-09-09T17:43:10,23.29,44.38,Normal
DHT22-Externo,2025-09-09T17:44:10,23.53,46.28,Normal
DHT22-Externo,2025-09-09T17:45:10,20.46,47.39,Normal
DHT22-Externo,2025-09-09T17:46:10,21.69,51.68,Normal
DHT22-Externo,2025-09-09T17:47:10,22.06,56.66,Normal
DHT22-Externo,2025-09-09T17:48:10,21.54,56.55,Normal
DHT22-Externo,2025-09-09T17:49:10,24.43,42.79,Normal
DHT22-Externo,2025-09-09T17:50:10,24.15,45.35,Normal
DHT22-Externo,2025-09-09T17:51:10,25.06,46.57,Normal
DHT22-Externo,2025-09-09T17:52:10,20.24,49.09,Normal
DHT22-Externo,2025-09-09T17:53:10,25.65,43.77,Normal
DHT22-Externo,2025-09-09T17:54:10,23.44,47.83,Normal
DHT22-Externo,2025-09-09T17:55:10,26.01,50.72,Normal
DHT22-Externo,2025-09-09T17:56:10,26.43,43.04,Normal
DHT22-Externo,2025-09-09T17:57:10,28.56,35.02,Alerta
DHT22-Externo,2025-09-09T17:58:10,21.77,52.54,Normal
DHT22-Externo,2025-09-09T17:59:10,21.39,53.35,Normal
DHT22-Externo,2025-09-09T18:00:10,22.58,42.07,Normal
DHT22-Externo,2025-09-09T18:01:10,20.04,43.2,Normal
DHT22-Externo,2025-09-09T18:02:10,20.53,46.41,Normal
DHT22-Externo,2025-09-09T18:03:10,22.01,57.96,Normal
DHT22-Externo,2025-09-09T18:04:10,29.9,33.16,Alerta
DHT22-Externo,2025-09-09T18:05:10,20.89,52.95,Normal
DHT22-Externo,2025-09-09T18:06:10,20.11,46.39,Normal
DHT22-Externo,2025-09-09T18:07:10,27.63,65.05,Alerta
DHT22-Externo,2025-09-09T18:08:10,24.93,48.99,Normal
DHT22-Externo,2025-09-09T18:09:10,20.3,49.4,Normal
DHT22-Externo,2025-09-09T18:10:10,24.74,48.54,Normal
DHT22-Externo,2025-09-09T18:11:10,22.84,51.26,Normal
DHT22-Externo,2025-09-09T18:12:10,24.43,50.12,Normal
DHT22-Externo,2025-09-09T18:13:10,27.15,65.26,Alerta
DHT22-Externo,2025-09-09T18:14:10,23.59,53.43,Normal
DHT22-Externo,2025-09-09T18:15:10,24.32,53.26,Normal
DHT22-Externo,2025-09-09T18:16:10,22.61,44.86,Normal
DHT22-Externo,2025-09-09T18:17:10,25.11,56.54,Normal
DHT22-Externo,2025-09-09T18:18:10,21.95,52.92,Normal
DHT22-Externo,2025-09-09T18:19:10,22.16,55.22,Normal
DHT22-Externo,2025-09-09T18:20:10,20.07,43.97,Normal
DHT22-Externo,2025-09-09T18:21:10,25.71,48.8,Normal
DHT22-Externo,2025-09-09T18:22:10,22.79,48.32,Normal
DHT22-Externo,2025-09-09T18:23:10,20.9,52.49,Normal
DHT22-Externo,2025-09-09T18:24:10,25.04,45.23,Normal
DHT22-Externo,2025-09-09T18:25:10,25.24,44.01,Normal
DHT22-Externo,2025-09-09T18:26:10,26.17,49.41,Normal
DHT22-Externo,2025-09-09T18:27:10,20.15,46.46,Normal
DHT22-Externo,2025-09-09T18:28:10,25.76,46.34,Normal
DHT22-Externo,2025-09-09T18:29:10,24.3,43.84,Normal
DHT22-Externo,2025-09-09T18:30:10,21.55,49.08,Normal
DHT22-Externo,2025-09-09T18:31:10,22.82,45.91,Normal
DHT22-Externo,2025-09-09T18:32:10,23.8,50.31,Normal
DHT22-Externo,2025-09-09T18:33:10,21.44,52.89,Normal
DHT22-Externo,2025-09-09T18:34:10,22.36,44.4,Normal
DHT22-Externo,2025-09-09T18:35:10,23.92,47.44,Normal
DHT22-Externo,2025-09-09T18:36:10,25.5,43.74,Normal
DHT22-Externo,2025-09-09T18:37:10,22.56,58.0,Normal
DHT22-Externo,2025-09-09T18:38:10,21.82,49.07,Normal
DHT22-Externo,2025-09-09T18:39:10,24.5,49.69,Normal
DHT22-Externo,2025-09-09T18:40:10,23.29,56.22,Normal
DHT22-Externo,2025-09-09T18:41:10,23.24,46.62,Normal
DHT22-Externo,2025-09-09T18:42:10,25.71,53.36,Normal
DHT22-Externo,2025-09-09T18:43:10,25.72,43.95,Normal
DHT22-Externo,2025-09-09T18:44:10,21.41,43.93,Normal
DHT22-Externo,2025-09-09T18:45:10,22.52,57.06,Normal
DHT22-Externo,2025-09-09T18:46:10,25.3,53.98,Normal
DHT22-Externo,2025-09-09T18:47:10,25.98,48.53,Normal
DHT22-Externo,2025-09-09T18:48:10,21.05,46.41,Normal
DHT22-Externo,2025-09-09T18:49:10,23.08,47.46,Normal
DHT22-Externo,2025-09-09T18:50:10,23.15,53.47,Normal
DHT22-Externo,2025-09-09T18:51:10,24.93,52.08,Normal
DHT22-Externo,2025-09-09T18:52:10,21.63,52.1,Normal
DHT22-Externo,2025-09-09T18:53:10,22.36,53.59,Normal
DHT22-Externo,2025-09-09T18:54:10,21.22,55.73,Normal
DHT22-Externo,2025-09-09T18:55:10,23.87,57.74,Normal
DHT22-Externo,2025-09-09T18:56:10,25.2,51.52,Normal
DHT22-Externo,2025-09-09T18:57:10,24.26,53.06,Normal
DHT22-Externo,2025-09-09T18:58:10,24.82,45.81,Normal
DHT22-Externo,2025-09-09T18:59:10,27.79,32.41,Alerta
DHT22-Externo,2025-09-09T19:00:10,24.65,44.54,Normal
DHT22-Externo,2025-09-09T19:01:10,23.16,45.9,Normal
DHT22-Externo,2025-09-09T19:02:10,20.06,47.93,Normal
DHT22-Externo,2025-09-09T19:03:10,20.2,51.94,Normal
DHT22-Externo,2025-09-09T19:04:10,20.46,47.07,Normal
DHT22-Externo,2025-09-09T19:05:10,23.78,48.59,Normal
DHT22-Externo,2025-09-09T19:06:10,21.35,54.99,Normal
DHT22-Externo,2025-09-09T19:07:10,16.43,62.03,Alerta
DHT22-Externo,2025-09-09T19:08:10,22.16,52.13,Normal
DHT22-Externo,2025-09-09T19:09:10,25.98,43.65,Normal
DHT22-Externo,2025-09-09T19:10:10,25.56,53.26,Normal
DHT22-Externo,2025-09-09T19:11:10,23.87,45.58,Normal
DHT22-Externo,2025-09-09T19:12:10,23.06,47.65,Normal
DHT22-Externo,2025-09-09T19:13:10,21.42,52.61,Normal
DHT22-Externo,2025-09-09T19:14:10,21.08,42.7,Normal
DHT22-Externo,2025-09-09T19:15:10,25.03,52.41,Normal
DHT22-Externo,2025-09-09T19:16:10,22.62,45.76,Normal
DHT22-Externo,2025-09-09T19:17:10,21.33,53.62,Normal
DHT22-Externo,2025-09-09T19:18:10,21.89,50.1,Normal
DHT22-Externo,2025-09-09T19:19:10,23.91,49.0,Normal
DHT22-Externo,2025-09-09T19:20:10,17.67,66.53,Alerta
DHT22-Externo,2025-09-09T19:21:10,22.83,47.15,Normal
DHT22-Externo,2025-09-09T19:22:10,20.17,42.12,Normal
DHT22-Externo,2025-09-09T19:23:10,20.3,50.4,Normal
DHT22-Externo,2025-09-09T19:24:10,21.29,56.33,Normal
DHT22-Externo,2025-09-09T19:25:10,25.75,54.21,Normal
DHT22-Externo,2025-09-09T19:26:10,20.98,47.06,Normal
DHT22-Externo,2025-09-09T19:27:10,21.6,57.98,Normal
DHT22-Externo,2025-09-09T19:28:10,25.4,44.55,Normal
DHT22-Externo,2025-09-09T19:29:10,28.32,61.64,Alerta
DHT22-Externo,2025-09-09T19:30:10,21.79,50.79,Normal
DHT22-Externo,2025-09-09T19:31:10,23.92,42.89,Normal
DHT22-Externo,2025-09-09T19:32:10,21.05,46.83,Normal
DHT22-Externo,2025-09-09T19:33:10,25.99,50.21,Normal
DHT22-Externo,2025-09-09T19:34:10,22.32,46.42,Normal
DHT22-Externo,2025-09-09T19:35:10,21.91,47.5,Normal
DHT22-Externo,2025-09-09T19:36:10,23.29,57.75,Normal
DHT22-Externo,2025-09-09T19:37:10,23.17,44.39,Normal
DHT22-Externo,2025-09-09T19:38:10,24.66,44.79,Normal
DHT22-Externo,2025-09-09T19:39:10,22.71,42.83,Normal
DHT22-Externo,2025-09-09T19:40:10,29.37,69.4,Alerta
DHT22-Externo,2025-09-09T19:41:10,22.68,54.14,Normal
DHT22-Externo,2025-09-09T19:42:10,22.37,57.92,Normal
DHT22-Externo,2025-09-09T19:43:10,24.48,52.3,Normal
DHT22-Externo,2025-09-09T19:44:10,25.6,51.01,Normal
DHT22-Externo,2025-09-09T19:45:10,20.15,51.83,Normal
DHT22-Externo,2025-09-09T19:46:10,22.93,44.64,Normal
DHT22-Externo,2025-09-09T19:47:10,23.31,55.39,Normal
DHT22-Externo,2025-09-09T19:48:10,23.98,54.05,Normal
DHT22-Externo,2025-09-09T19:49:10,29.79,67.78,Alerta
DHT22-Externo,2025-09-09T19:50:10,23.29,51.96,Normal
DHT22-Externo,2025-09-09T19:51:10,22.81,50.87,Normal
DHT22-Externo,2025-09-09T19:52:10,20.27,49.03,Normal
DHT22-Externo,2025-09-09T19:53:10,25.96,57.63,Normal
DHT22-Externo,2025-09-09T19:54:10,21.14,45.51,Normal
DHT22-Externo,2025-09-09T19:55:10,25.68,50.0,Normal
DHT22-Externo,2025-09-09T19:56:10,20.26,45.64,Normal
DHT22-Externo,2025-09-09T19:57:10,24.04,51.01,Normal
DHT22-Externo,2025-09-09T19:58:10,26.04,47.3,Normal
DHT22-Externo,2025-09-09T19:59:10,25.82,49.73,Normal
DHT22-Externo,2025-09-09T20:00:10,21.8,52.53,Normal
DHT22-Externo,2025-09-09T20:01:10,23.08,45.48,Normal
DHT22-Externo,2025-09-09T20:02:10,20.02,47.2,Normal
DHT22-Externo,2025-09-09T20:03:10,22.96,46.83,Normal
DHT22-Externo,2025-09-09T20:04:10,16.24,66.66,Alerta
DHT22-Externo,2025-09-09T20:05:10,22.38,53.94,Normal
DHT22-Externo,2025-09-09T20:06:10,22.16,53.46,Normal
DHT22-Externo,2025-09-09T20:07:10,25.44,42.75,Normal
DHT22-Externo,2025-09-09T20:08:10,20.32,45.07,Normal
DHT22-Externo,2025-09-09T20:09:10,23.28,50.45,Normal
DHT22-Externo,2025-09-09T20:10:10,22.5,42.05,Normal
DHT22-Externo,2025-09-09T20:11:10,20.35,55.86,Normal
DHT22-Externo,2025-09-09T20:12:10,23.45,56.32,Normal
DHT22-Externo,2025-09-09T20:13:10,23.95,52.91,Normal
DHT22-Externo,2025-09-09T20:14:10,24.39,56.09,Normal
DHT22-Externo,2025-09-09T20:15:10,28.1,65.66,Alerta
DHT22-Externo,2025-09-09T20:16:10,21.12,44.72,Normal
DHT22-Externo,2025-09-09T20:17:10,21.11,42.32,Normal
DHT22-Externo,2025-09-09T20:18:10,26.04,43.17,Normal
DHT22-Externo,2025-09-09T20:19:10,22.93,45.92,Normal
DHT22-Externo,2025-09-09T20:20:10,16.77,64.06,Alerta
DHT22-Externo,2025-09-09T20:21:10,21.9,43.96,Normal
DHT22-Externo,2025-09-09T20:22:10,23.65,43.58,Normal
DHT22-Externo,2025-09-09T20:23:10,23.12,49.08,Normal
DHT22-Externo,2025-09-09T20:24:10,20.03,45.09,Normal
DHT22-Externo,2025-09-09T20:25:10,25.2,56.65,Normal
DHT22-Externo,2025-09-09T20:26:10,22.63,53.4,Normal
DHT22-Externo,2025-09-09T20:27:10,21.2,43.72,Normal
DHT22-Externo,2025-09-09T20:28:10,23.67,44.22,Normal
DHT22-Externo,2025-09-09T20:29:10,21.99,46.18,Normal
DHT22-Externo,2025-09-09T20:30:10,24.24,50.15,Normal
DHT22-Externo,2025-09-09T20:31:10,20.67,55.15,Normal
DHT22-Externo,2025-09-09T20:32:10,20.4,46.13,Normal
DHT22-Externo,2025-09-09T20:33:10,24.89,56.01,Normal
DHT22-Externo,2025-09-09T20:34:10,22.75,48.83,Normal
DHT22-Externo,2025-09-09T20:35:10,24.23,51.36,Normal
DHT22-Externo,2025-09-09T20:36:10,25.76,47.9,Normal
DHT22-Externo,2025-09-09T20:37:10,22.13,55.92,Normal
DHT22-Externo,2025-09-09T20:38:10,29.87,38.17,Alerta
DHT22-Externo,2025-09-09T20:39:10,22.48,54.1,Normal
DHT22-Externo,2025-09-09T20:40:10,24.68,44.84,Normal
DHT22-Externo,2025-09-09T20:41:10,26.22,46.84,Normal
DHT22-Externo,2025-09-09T20:42:10,27.68,67.96,Alerta
DHT22-Externo,2025-09-09T20:43:10,22.0,51.74,Normal
DHT22-Externo,2025-09-09T20:44:10,22.91,55.8,Normal
DHT22-Externo,2025-09-09T20:45:10,24.96,51.34,Normal
DHT22-Externo,2025-09-09T20:46:10,27.86,65.76,Alerta
DHT22-Externo,2025-09-09T20:47:10,24.72,47.37,Normal
DHT22-Externo,2025-09-09T20:48:10,24.11,57.98,Normal
DHT22-Externo,2025-09-09T20:49:10,21.2,46.51,Normal
DHT22-Externo,2025-09-09T20:50:10,21.63,47.55,Normal
DHT22-Externo,2025-09-09T20:51:10,22.24,48.34,Normal
DHT22-Externo,2025-09-09T20:52:10,25.97,48.51,Normal
DHT22-Externo,2025-09-09T20:53:10,20.56,52.15,Normal
DHT22-Externo,2025-09-09T20:54:10,20.27,44.32,Normal
DHT22-Externo,2025-09-09T20:55:10,23.91,56.74,Normal
DHT22-Externo,2025-09-09T20:56:10,22.23,54.25,Normal
DHT22-Externo,2025-09-09T20:57:10,21.6,44.57,Normal
DHT22-Externo,2025-09-09T20:58:10,25.04,53.12,Normal
DHT22-Externo,2025-09-09T20:59:10,25.39,46.43,Normal
DHT22-Externo,2025-09-09T21:00:10,20.28,55.9,Normal
DHT22-Externo,2025-09-09T21:01:10,21.94,43.11,Normal
DHT22-Externo,2025-09-09T21:02:10,24.87,52.66,Normal
DHT22-Externo,2025-09-09T21:03:10,25.94,54.05,Normal
DHT22-Externo,2025-09-09T21:04:10,24.23,56.47,Normal
DHT22-Externo,2025-09-09T21:05:10,28.31,68.28,Alerta
DHT22-Externo,2025-09-09T21:06:10,20.5,44.27,Normal
DHT22-Externo,2025-09-09T21:07:10,17.81,67.95,Alerta
DHT22-Externo,2025-09-09T21:08:10,22.05,44.33,Normal
DHT22-Externo,2025-09-09T21:09:10,28.83,66.98,Alerta
DHT22-Externo,2025-09-09T21:10:10,24.69,45.46,Normal
DHT22-Externo,2025-09-09T21:11:10,21.42,53.15,Normal
DHT22-Externo,2025-09-09T21:12:10,21.23,45.81,Normal
DHT22-Externo,2025-09-09T21:13:10,20.56,45.05,Normal
DHT22-Externo,2025-09-09T21:14:10,26.05,50.99,Normal
DHT22-Externo,2025-09-09T21:15:10,26.36,49.42,Normal
DHT22-Externo,2025-09-09T21:16:10,22.68,46.99,Normal
DHT22-Externo,2025-09-09T21:17:10,24.47,42.65,Normal
DHT22-Externo,2025-09-09T21:18:10,21.31,48.15,Normal
DHT22-Externo,2025-09-09T21:19:10,23.59,53.67,Normal
DHT22-Externo,2025-09-09T21:20:10,21.06,45.62,Normal
DHT22-Externo,2025-09-09T21:21:10,21.74,54.4,Normal
DHT22-Externo,2025-09-09T21:22:10,21.23,53.64,Normal
DHT22-Externo,2025-09-09T21:23:10,20.2,57.36,Normal
DHT22-Externo,2025-09-09T21:24:10,22.3,48.16,Normal
DHT22-Externo,2025-09-09T21:25:10,25.11,42.1,Normal
DHT22-Externo,2025-09-09T21:26:10,29.86,69.31,Alerta
DHT22-Externo,2025-09-09T21:27:10,22.32,49.09,Normal
DHT22-Externo,2025-09-09T21:28:10,22.78,53.71,Normal
DHT22-Externo,2025-09-09T21:29:10,25.39,45.27,Normal
DHT22-Externo,2025-09-09T21:30:10,27.47,68.28,Alerta
DHT22-Externo,2025-09-09T21:31:10,26.24,46.33,Normal
DHT22-Externo,2025-09-09T21:32:10,22.29,50.6,Normal
DHT22-Externo,2025-09-09T21:33:10,20.04,51.19,Normal
DHT22-Externo,2025-09-09T21:34:10,21.13,56.91,Normal
DHT22-Externo,2025-09-09T21:35:10,21.16,52.34,Normal
DHT22-Externo,2025-09-09T21:36:10,20.41,52.97,Normal
DHT22-Externo,2025-09-09T21:37:10,20.69,53.84,Normal
DHT22-Externo,2025-09-09T21:38:10,25.26,54.74,Normal
DHT22-Externo,2025-09-09T21:39:10,23.37,43.55,Normal
DHT22-Externo,2025-09-09T21:40:10,20.41,57.11,Normal
DHT22-Externo,2025-09-09T21:41:10,24.44,44.05,Normal
DHT22-Externo,2025-09-09T21:42:10,22.93,51.17,Normal
DHT22-Externo,2025-09-09T21:43:10,27.1,63.98,Alerta
DHT22-Externo,2025-09-09T21:44:10,25.93,56.09,Normal
DHT22-Externo,2025-09-09T21:45:10,22.68,53.93,Normal
DHT22-Externo,2025-09-09T21:46:10,24.31,45.79,Normal
DHT22-Externo,2025-09-09T21:47:10,25.59,46.01,Normal
DHT22-Externo,2025-09-09T21:48:10,27.17,62.13,Alerta
DHT22-Externo,2025-09-09T21:49:10,20.73,52.02,Normal
DHT22-Externo,2025-09-09T21:50:10,22.36,44.7,Normal
DHT22-Externo,2025-09-09T21:51:10,25.11,51.46,Normal
DHT22-Externo,2025-09-09T21:52:10,23.49,49.49,Normal
DHT22-Externo,2025-09-09T21:53:10,20.72,57.7,Normal
DHT22-Externo,2025-09-09T21:54:10,21.25,44.33,Normal
DHT22-Externo,2025-09-09T21:55:10,22.88,45.99,Normal
DHT22-Externo,2025-09-09T21:56:10,24.38,46.51,Normal
DHT22-Externo,2025-09-09T21:57:10,27.67,38.02,Alerta
DHT22-Externo,2025-09-09T21:58:10,25.47,50.3,Normal
DHT22-Externo,2025-09-09T21:59:10,25.46,54.03,Normal
DHT22-Externo,2025-09-09T22:00:10,23.94,47.91,Normal
DHT22-Externo,2025-09-09T22:01:10,26.25,50.79,Normal
DHT22-Externo,2025-09-09T22:02:10,23.9,50.81,Normal
DHT22-Externo,2025-09-09T22:03:10,26.32,51.95,Normal
DHT22-Externo,2025-09-09T22:04:10,22.96,46.61,Normal
DHT22-Externo,2025-09-09T22:05:10,22.28,44.82,Normal
DHT22-Externo,2025-09-09T22:06:10,25.71,46.84,Normal
DHT22-Externo,2025-09-09T22:07:10,24.36,44.39,Normal
DHT22-Externo,2025-09-09T22:08:10,27.39,69.36,Alerta
DHT22-Externo,2025-09-09T22:09:10,24.3,44.5,Normal
DHT22-Externo,2025-09-09T22:10:10,25.72,44.37,Normal
DHT22-Externo,2025-09-09T22:11:10,23.26,55.8,Normal
DHT22-Externo,2025-09-09T22:12:10,20.83,57.72,Normal
DHT22-Externo,2025-09-09T22:13:10,25.53,54.03,Normal
DHT22-Externo,2025-09-09T22:14:10,22.5,47.19,Normal
DHT22-Externo,2025-09-09T22:15:10,24.66,57.21,Normal
DHT22-Externo,2025-09-09T22:16:10,21.92,49.83,Normal
DHT22-Externo,2025-09-09T22:17:10,22.77,54.66,Normal
DHT22-Externo,2025-09-09T22:18:10,20.06,51.12,Normal
DHT22-Externo,2025-09-09T22:19:10,25.95,48.62,Normal
DHT22-Externo,2025-09-09T22:20:10,23.09,50.51,Normal
DHT22-Externo,2025-09-09T22:21:10,25.83,56.57,Normal
DHT22-Externo,2025-09-09T22:22:10,23.62,42.92,Normal
DHT22-Externo,2025-09-09T22:23:10,22.79,53.34,Normal
DHT22-Externo,2025-09-09T22:24:10,24.62,46.59,Normal
DHT22-Externo,2025-09-09T22:25:10,24.08,45.63,Normal
DHT22-Externo,2025-09-09T22:26:10,25.43,51.69,Normal
DHT22-Externo,2025-09-09T22:27:10,22.88,46.99,Normal
DHT22-Externo,2025-09-09T22:28:10,23.99,42.17,Normal
DHT22-Externo,2025-09-09T22:29:10,24.78,54.3,Normal
DHT22-Externo,2025-09-09T22:30:10,21.97,48.74,Normal
DHT22-Externo,2025-09-09T22:31:10,22.73,43.14,Normal
DHT22-Externo,2025-09-09T22:32:10,24.35,46.2,Normal
DHT22-Externo,2025-09-09T22:33:10,20.31,51.0,Normal
DHT22-Externo,2025-09-09T22:34:10,25.18,54.54,Normal
DHT22-Externo,2025-09-09T22:35:10,24.05,45.64,Normal
DHT22-Externo,2025-09-09T22:36:10,20.53,48.95,Normal
DHT22-Externo,2025-09-09T22:37:10,25.74,49.12,Normal
DHT22-Externo,2025-09-09T22:38:10,22.34,46.62,Normal
DHT22-Externo,2025-09-09T22:39:10,25.93,54.79,Normal
DHT22-Externo,2025-09-09T22:40:10,24.85,48.7,Normal
DHT22-Externo,2025-09-09T22:41:10,23.43,44.08,Normal
DHT22-Externo,2025-09-09T22:42:10,24.52,46.11,Normal
DHT22-Externo,2025-09-09T22:43:10,24.27,55.32,Normal
DHT22-Externo,2025-09-09T22:44:10,25.65,47.79,Normal
DHT22-Externo,2025-09-09T22:45:10,23.35,56.46,Normal
DHT22-Externo,2025-09-09T22:46:10,23.76,54.07,Normal
DHT22-Externo,2025-09-09T22:47:10,25.64,47.97,Normal
DHT22-Externo,2025-09-09T22:48:10,23.8,48.73,Normal
DHT22-Externo,2025-09-09T22:49:10,20.45,45.12,Normal
DHT22-Externo,2025-09-09T22:50:10,25.8,50.73,Normal
DHT22-Externo,2025-09-09T22:51:10,23.47,55.69,Normal
DHT22-Externo,2025-09-09T22:52:10,21.89,43.98,Normal
DHT22-Externo,2025-09-09T22:53:10,16.1,61.42,Alerta
DHT22-Externo,2025-09-09T22:54:10,24.93,50.58,Normal
DHT22-Externo,2025-09-09T22:55:10,25.88,55.43,Normal
DHT22-Externo,2025-09-09T22:56:10,24.0,54.36,Normal
DHT22-Externo,2025-09-09T22:57:10,26.39,52.98,Normal
DHT22-Externo,2025-09-09T22:58:10,21.29,55.22,Normal
DHT22-Externo,2025-09-09T22:59:10,27.39,61.11,Alerta
DHT22-Externo,2025-09-09T23:00:10,25.78,54.81,Normal
DHT22-Externo,2025-09-09T23:01:10,24.23,47.16,Normal
DHT22-Externo,2025-09-09T23:02:10,27.9,36.74,Alerta
DHT22-Externo,2025-09-09T23:03:10,21.01,57.24,Normal
DHT22-Externo,2025-09-09T23:04:10,24.34,56.62,Normal
DHT22-Externo,2025-09-09T23:05:10,24.68,52.25,Normal
DHT22-Externo,2025-09-09T23:06:10,25.83,52.88,Normal
DHT22-Externo,2025-09-09T23:07:10,21.19,57.26,Normal
DHT22-Externo,2025-09-09T23:08:10,16.07,67.72,Alerta
DHT22-Externo,2025-09-09T23:09:10,20.56,51.75,Normal
